"ID","PlotName","LiveOverstory","DeadOverstory","HerbCover","Cheatgrass","Shrubspp","ShrubCover","Hardwoodspp","HardwoodCov","Conifer_UnderstoryCov","BasalVeg","BareGround","Rock","Litter","WoodyDebris","Total","Notes"
1,155101.00,10.00,10.00,25.00,0.00,"ARVI4","4","QUCH",2.00,8.00,1.00,0.50,0.00,93.50,5.00,100.00,
2,155102.00,20.00,10.00,20.00,0.00,"ARVI4","1","QUKE",20.00,5.00,1.00,0.50,0.00,93.50,5.00,100.00,"5% hardwood in understory"
3,155103.00,8.00,6.00,2.00,0.00,"ARVI4","0.5","QUKE",4.00,1.00,1.00,0.50,0.00,97.50,1.00,100.00,"4% overstory, additional 3 understory"
4,155104.00,22.00,5.00,3.00,0.00,"ARVI4","0.5","QUKE",1.00,2.00,1.00,0.50,0.50,83.00,15.00,100.00,
5,155105.00,15.00,25.00,5.00,0.00,"ARVI4","0.5","QUKE",10.00,0.50,1.00,0.50,0.00,98.00,0.50,100.00,
6,155106.00,15.00,10.00,4.00,0.00,"None","NA","QUCH",0.50,0.50,1.00,0.00,0.00,98.50,0.50,100.00,
7,155107.00,7.00,4.00,30.00,0.00,"ARVI4","0.5","QUCH",0.50,2.00,0.50,0.50,0.50,86.50,12.00,100.00,
8,155108.00,20.00,8.00,0.50,0.00,"RIRO","0.5","QUCH",0.50,1.00,2.00,0.00,0.00,92.00,6.00,100.00,"RIRO= Ribes roezlii"
9,1510206.00,10.00,6.00,0.50,0.00,"NA","0","QUKE",2.00,13.00,0.50,0.50,0.50,98.00,0.50,100.00,
10,1510207.00,55.00,5.00,0.50,0.00,"NA","0","QUCH",0.50,15.00,2.00,0.00,0.50,89.50,8.00,100.00,
11,1510210.00,15.00,30.00,0.50,0.00,"SYMO","0.5","QUCH",0.50,6.00,1.00,0.00,1.00,97.00,1.00,100.00,
12,155111.00,5.00,5.00,1.00,0.00,"SYMO","6","QUKE",1.00,25.00,1.00,0.50,0.50,97.00,1.00,100.00,
13,155112.00,30.00,15.00,0.50,0.00,"CEIN","1","QUKE",1.00,45.00,1.00,0.50,0.50,90.00,8.00,100.00,
14,155113.00,3.00,15.00,7.00,0.00,"CHFO","30","QUCH",5.00,2.00,0.50,3.00,0.00,96.00,0.50,100.00,
15,155115.00,8.00,8.00,0.50,0.00,"CEIN","20","QUCH",5.00,6.00,1.00,0.50,0.00,97.50,1.00,100.00,
16,155114.00,8.00,13.00,0.50,0.00,"CHFO","95","QUKE",8.00,5.00,1.00,0.00,0.00,98.50,0.50,100.00,
17,155131.00,0.50,8.00,0.50,0.50,"CHFO","75","QUKE",0.50,0.00,0.50,0.50,1.00,97.50,0.50,100.00,
18,155132.00,1.00,20.00,0.50,0.50,"CHFO","90","QUKE",1.00,0.00,0.50,0.50,0.50,98.00,0.50,100.00,
19,155133.00,3.00,10.00,10.00,0.50,"CHFO","30","QUKE",3.00,0.00,0.50,0.50,0.50,98.00,0.50,100.00,
20,155134.00,0.50,18.00,1.00,0.50,"CHFO","28","QUKE",0.50,0.00,0.50,0.00,0.50,98.50,0.50,100.00,
21,155135.00,1.00,20.00,1.00,0.50,"CHFO","10","QUCH",1.00,0.00,0.50,0.00,0.50,98.50,0.50,100.00,
22,155136.00,0.00,22.00,0.50,0.50,"CHFO","50","None",0.00,0.00,0.50,0.50,0.50,98.00,0.50,100.00,
23,4022012.00,0.50,1.00,0.50,0.00,"ARVI4","95","NA",0.00,0.50,1.00,0.00,0.00,0.50,98.50,100.00,
24,4022022.00,0.50,13.00,0.50,0.00,"ARVI4","92","QUCH",0.50,1.00,1.00,0.00,0.00,74.00,25.00,100.00,
25,4022042.00,1.00,2.00,0.50,0.50,"ARVI4","95","None",0.00,0.00,1.00,0.00,0.00,96.00,3.00,100.00,
26,4022072.00,0.50,25.00,0.50,0.00,"ARVI4","85","QUKE",0.50,0.50,1.00,0.00,0.00,84.00,15.00,100.00,
27,405201.00,5.00,3.00,0.50,0.00,"CHFO","98","QUKE",5.00,0.00,0.50,0.50,0.00,98.50,0.50,100.00,
28,405202.00,30.00,2.00,0.50,0.00,"CHFO","98","QUKE",25.00,2.00,1.00,0.50,0.00,98.00,0.50,100.00,
29,405204.00,5.00,12.00,0.50,0.00,"CHFO","65","QUKE",0.50,1.00,0.50,1.00,5.00,88.50,5.00,100.00,
30,405205.00,0.00,30.00,0.50,0.00,"CHFO","98","QUCH",0.50,2.00,0.50,0.00,0.00,98.50,1.00,100.00,
31,405206.00,60.00,0.00,6.00,0.00,"CHFO","15","QUKE",60.00,20.00,1.00,0.50,0.50,97.00,1.00,100.00,
32,405207.00,20.00,15.00,0.50,0.00,"CHFO","98","QUKE",18.00,2.00,0.50,0.00,0.00,99.00,0.50,100.00,
33,405208.00,7.00,20.00,0.50,0.00,"ARVI4","100","QUCH",0.50,1.00,0.50,0.50,0.00,98.00,1.00,100.00,
34,405210.00,15.00,3.00,0.50,0.00,"CHFO","97","QUKE",15.00,0.50,0.50,0.50,0.50,98.00,0.50,100.00,
35,155137.00,0.00,10.00,0.50,0.00,"CHFO","35","QUKE",0.50,0.00,0.50,0.50,0.00,98.50,0.50,100.00,
36,155138.00,0.50,13.00,0.50,0.00,"CHFO","73","QUKE",0.50,0.50,0.50,0.50,0.50,98.00,0.50,100.00,"maybe some cheat grass. sent pics to mark"
37,155141.00,5.00,15.00,0.50,0.00,"CHFO","10","QUCH",0.50,35.00,0.50,0.50,0.00,98.00,1.00,100.00,
38,155142.00,2.00,17.00,0.50,0.00,"CHFO","30","QUCH",0.50,65.00,1.00,0.50,0.00,97.50,1.00,100.00,
39,155143.00,0.50,20.00,0.50,0.00,"ARVI4","25","QUKE",0.50,25.00,0.50,0.50,0.50,98.00,0.50,100.00,"not overstory conifr cover mostly dead"
40,155144.00,1.00,25.00,0.50,0.00,"ARVI4","75","QUCH",1.00,12.00,0.50,0.00,0.00,99.00,0.50,100.00,"not overstry conifr mostly dead"
41,155147.00,3.00,1.00,0.50,0.00,"ARVI4","30","QUCH",0.50,25.00,0.50,1.00,0.00,98.00,0.50,100.00,
42,155146.00,0.50,6.00,0.50,0.00,"ARVI4","35","QUCH",0.50,0.50,0.50,0.50,0.00,98.50,0.50,100.00,
43,155148.00,0.50,20.00,0.50,0.00,"ARVI4","45","QUCH",0.50,5.00,0.50,0.50,0.00,98.50,0.50,100.00,
44,155149.00,0.50,4.00,0.50,0.00,"ARVI4","75","QUKE",0.50,2.00,0.50,0.50,0.00,98.50,0.50,100.00,
45,155161.00,10.00,2.00,0.50,0.00,"ROBR","1","QUCH",0.50,50.00,1.00,0.50,0.00,96.50,2.00,100.00,"conifr cover jot overstory mostly alive, ROBR = rosa bridgesii (wood rose)"
46,155162.00,25.00,0.00,1.00,0.00,"ROBR","5","QUKE",0.50,20.00,1.00,0.50,0.00,98.00,0.50,100.00,
47,155163.00,22.00,4.00,0.50,0.00,"ROBR","0.5","None",0.00,35.00,1.00,0.00,0.00,98.50,0.50,100.00,
48,155164.00,20.00,0.00,2.00,0.00,"CEIN","25","CONU",1.00,30.00,0.50,0.50,0.00,98.00,1.00,100.00,
49,155168.00,5.00,0.00,0.50,0.00,"CHFO","25","unkn salix (maybe lutea?)",6.00,50.00,1.00,0.50,0.00,94.50,4.00,100.00,
50,167601.00,5.00,8.00,2.00,0.00,"ARVI4","7","QUKE",3.00,4.00,0.50,7.00,0.00,92.00,0.50,100.00,
51,167605.00,5.00,12.00,0.50,0.00,"ARVI4","3","None",0.00,1.00,0.50,0.50,0.50,97.50,1.00,100.00,
52,362014.00,20.00,0.00,0.50,0.00,"ARPA","2","QUKE",0.50,7.00,0.50,0.50,0.00,98.00,1.00,100.00,
53,362015.00,18.00,0.00,1.00,0.00,"SYMO","10","None",0.00,10.00,1.00,0.50,0.00,98.00,0.50,100.00,
54,362026.00,5.00,0.00,0.50,0.00,"CHFO","20","None",0.00,15.00,0.50,0.50,0.00,98.50,0.50,100.00,
55,362027.00,15.00,4.00,0.50,0.00,"SYMO","17","QUKE",0.50,25.00,1.00,0.50,0.00,98.00,0.50,100.00,
56,362034.00,10.00,0.00,0.50,0.00,"ROBR","25","NONE",0.00,17.00,0.50,0.50,0.00,98.00,1.00,100.00,
57,1676112.00,0.50,7.00,0.50,0.00,"ARVI4","75","QUKE",0.50,2.00,0.50,0.50,0.00,98.50,0.50,100.00,
58,1676122.00,0.50,8.00,0.50,0.00,"ARVI4","55","QUCH",0.50,5.00,0.50,0.50,0.00,98.50,0.50,100.00,
59,1676132.00,0.50,15.00,0.50,0.00,"ARVI4","30","QUKE",0.50,5.00,0.50,0.50,0.00,98.50,0.50,100.00,
60,1676152.00,0.50,7.00,0.50,0.00,"ARVI4","20","QUKE",3.00,2.00,0.50,0.50,0.00,98.50,0.50,100.00,
61,3620022.00,30.00,4.00,0.50,0.00,"CECU","10","None",0.00,55.00,1.00,0.50,0.00,98.00,0.50,100.00,
62,3620032.00,10.00,0.00,0.50,0.00,"CECO","20","QUKE",0.50,55.00,1.00,0.50,0.50,97.00,1.00,100.00,
63,3620042.00,15.00,0.00,0.50,0.00,"CELE","35","QUKE",0.50,35.00,1.00,0.50,0.00,97.50,1.00,100.00,
64,3620062.00,23.00,3.00,0.00,0.00,"CELE","4","QUKE",0.50,35.00,1.00,0.50,0.00,92.50,6.00,100.00,
65,3620072.00,25.00,0.00,0.50,0.00,"None","0","None",0.00,35.00,1.00,0.50,0.00,98.00,0.50,100.00,
66,3620252.00,5.00,22.00,0.50,0.00,"CECO","2","None",0.00,75.00,0.50,0.00,0.00,99.00,0.50,100.00,
67,3620282.00,30.00,0.00,0.00,0.00,"RIMO","0.5","QUKE",0.50,20.00,1.00,0.00,0.00,98.50,0.50,100.00,"old dead hardwood stump jn plot not included in hardwood cover. RIMO= Ribes montigenum"
68,3620302.00,15.00,10.00,0.50,0.00,"SYMO","0.5","None",0.00,10.00,0.50,0.00,0.00,98.50,1.00,100.00,
69,167606.00,14.00,15.00,0.50,0.00,"TODI","8","QUCH",3.00,15.00,0.50,0.50,0.50,96.50,2.00,100.00,
70,167616.00,10.00,5.00,0.50,0.00,"ARVI4","10","QUCH",0.50,20.00,0.50,0.50,0.50,96.50,2.00,100.00,
71,167621.00,8.00,12.00,1.00,0.00,"ARVI4","7","QUCH",18.00,15.00,0.50,0.50,0.00,98.50,0.50,100.00,
72,167625.00,35.00,18.00,0.50,0.00,"TODI","2","QUKE",30.00,5.00,0.50,0.50,0.00,98.50,0.50,100.00,
73,167644.00,10.00,8.00,0.50,0.00,"ARVI4","30","QUKE",0.50,3.00,0.50,0.50,0.50,98.00,0.50,100.00,
74,1676142.00,2.00,15.00,0.50,0.00,"ARVI4","37","QUKE",3.00,8.00,0.50,0.50,0.00,98.00,1.00,100.00,
75,1676502.00,0.00,20.00,0.50,0.00,"ARVI4","85","QUKE",0.50,2.00,0.50,0.50,0.00,98.50,0.50,100.00,
76,1676522.00,20.00,8.00,1.00,0.00,"ARVI4","12","QUKE",25.00,12.00,0.50,0.50,0.50,97.50,1.00,100.00,"not overstory aboutnhslf dead"
77,1676582.00,15.00,0.00,0.50,0.00,"TODI","0.5","QUKE",0.50,45.00,0.50,0.50,0.50,97.50,1.00,100.00,"about half of conifer understory dead. maybe oso berry? but too short. pics on julias phone. if not shrub, dom sheub is TODI."
78,109002.00,18.00,0.00,0.50,0.00,"CHFO","90","QUKE",3.00,20.00,0.50,0.50,0.00,98.50,0.50,100.00,
79,109004.00,30.00,0.00,0.50,0.00,"CHFO","10","QUKE",0.50,15.00,0.50,0.50,0.50,98.00,0.50,100.00,
80,109005.00,55.00,0.00,0.50,0.00,"CHFO","95","None",0.00,4.00,0.50,0.00,0.00,99.00,0.50,100.00,
81,109006.00,10.00,20.00,0.50,0.00,"CHFO","70","QUKE",0.50,3.00,0.50,0.50,0.50,98.00,0.50,100.00,
82,109007.00,25.00,0.00,0.50,0.00,"CHFO","35","QUKE",0.50,20.00,0.50,0.50,0.50,98.00,0.50,100.00,
83,109008.00,35.00,0.00,0.50,0.50,"CEIN","5","QUKE",5.00,12.00,0.50,2.00,0.50,95.00,2.00,100.00,
84,109009.00,12.00,0.00,0.50,0.00,"CEIN","10","QUKE",0.50,20.00,0.50,1.00,0.50,83.00,15.00,100.00,
85,109010.00,20.00,0.00,0.50,0.00,"CEIN","25","QUKE",0.50,0.50,0.50,0.50,0.50,97.50,1.00,100.00,
86,155165.00,15.00,8.00,14.00,0.00,"CEIN","0.5","QUKE",0.50,25.00,0.50,0.00,0.00,97.50,2.00,100.00,
87,1090012.00,11.00,13.00,0.50,0.00,"ROBR","0.5","None",0.00,55.00,0.50,0.50,0.50,95.50,3.00,100.00,"half of conifer understorydead"
88,1090042.00,9.00,18.00,0.50,0.00,"CEIN","0.5","QUKE",0.50,30.00,0.50,0.50,0.50,97.50,1.00,100.00,
89,1090082.00,12.00,0.00,0.50,0.00,"CEIN","4","QUKE",0.50,22.00,1.00,0.00,0.00,98.00,1.00,100.00,
90,1090092.00,20.00,0.00,0.50,0.00,"SYMO","2","QUKE",0.50,55.00,0.50,1.00,0.50,97.00,1.00,100.00,
91,1090122.00,8.00,15.00,0.50,0.00,"CHFO","45","QUKE",0.50,30.00,0.50,0.00,0.50,98.50,0.50,100.00,
92,1090132.00,15.00,25.00,0.50,0.00,"CHFO","75","QUKE",0.50,15.00,0.50,0.00,0.00,99.00,0.50,100.00,"half of not overstory cover dead"
93,1090142.00,40.00,0.00,0.50,0.00,"CHFO","10","QUKE",0.50,15.00,1.00,0.00,0.00,98.50,0.50,100.00,
94,1090152.00,15.00,25.00,0.50,0.00,"CHFO","2","None",0.00,50.00,0.50,0.00,0.50,97.00,2.00,100.00,
95,167603.00,23.00,7.00,0.50,0.00,"ARVI4","1","QUKE",25.00,1.00,0.50,0.50,0.50,97.50,1.00,100.00,
96,1760101.00,11.00,9.00,0.00,0.00,"ARVI4","50","QUCH",30.00,2.00,0.50,0.50,1.00,97.50,0.50,100.00,
97,1760106.00,18.00,25.00,0.50,0.00,"ARVI4","40","QUCH",55.00,0.50,0.50,0.50,3.00,95.50,0.50,100.00,
98,1760116.00,5.00,5.00,0.50,0.00,"ARVI4","85","QUKE",35.00,1.00,0.50,0.00,4.00,95.00,0.50,100.00,
99,1760118.00,3.00,0.00,0.50,0.00,"ARVI4","95","QUKE",5.00,8.00,0.50,0.50,0.50,98.00,0.50,100.00,
100,1760606.00,10.00,0.00,0.00,0.00,"CHFO","93","QUKE",7.00,10.00,0.50,0.50,0.50,98.00,0.50,100.00,
101,1760611.00,12.00,0.00,0.50,0.00,"CHFO","95","QUCH",0.50,10.00,0.50,0.50,0.00,98.50,0.50,100.00,
102,1760613.00,11.00,5.00,0.50,0.00,"CHFO","70","QUCH",0.50,15.00,0.50,0.50,0.00,98.50,0.50,100.00,
103,1760622.00,8.00,8.00,0.50,0.00,"CHFO","40","QUKE",4.00,5.00,0.50,0.50,0.50,97.50,1.00,100.00,
104,17601032.00,12.00,25.00,1.00,0.00,"CHFO","20","QUCH",7.00,50.00,0.50,0.50,0.00,97.00,2.00,100.00,
105,17601072.00,19.00,0.00,0.00,0.00,"TODI","8","QUCH",80.00,5.00,1.00,0.50,0.50,97.50,0.50,100.00,
106,17601092.00,23.00,0.00,0.50,0.00,"ARVI4","63","QUCH",40.00,8.00,0.50,0.50,1.00,97.50,0.50,100.00,
107,1760112.00,30.00,0.00,0.50,0.00,"ARVI4","10","QUKE",17.00,7.00,0.50,0.00,0.50,98.50,0.50,100.00,
108,17601132.00,10.00,4.00,0.50,0.00,"ARVI4","80","QUCH",22.00,1.00,0.50,0.00,0.50,98.00,1.00,100.00,
109,17601142.00,20.00,0.00,0.00,0.00,"CHFO","25","QUCH",45.00,5.00,0.50,0.00,0.00,99.00,0.50,100.00,
110,17606082.00,8.00,0.00,0.00,0.00,"CHFO","30","QUKE",55.00,70.00,0.50,0.00,0.50,98.50,0.50,100.00,
111,17606102.00,30.00,0.00,0.50,0.00,"CHFO","15","QUKE",30.00,40.00,0.50,0.50,0.00,97.00,2.00,100.00,
112,155157.00,15.00,0.00,0.50,0.00,"CHFO","93","None",0.00,4.00,0.50,0.50,0.50,98.00,0.50,100.00,
113,155158.00,3.00,0.00,0.00,0.00,"CHFO","70","QUKE",25.00,13.00,0.50,0.50,13.00,85.50,0.50,100.00,
114,155166.00,8.00,0.00,20.00,0.00,"CHFO","20","QUKE",5.00,65.00,1.00,0.50,0.00,82.50,16.00,100.00,
115,155167.00,15.00,0.00,0.50,0.00,"CHFO","55","QUKE",0.50,55.00,0.50,0.50,0.50,87.50,11.00,100.00,
116,245000.00,15.00,0.00,0.50,0.00,"CHFO","65","None",0.00,8.00,0.50,0.50,0.50,95.50,3.00,100.00,
117,249000.00,0.00,18.00,0.50,0.00,"CEIN","90","QUKE",0.50,12.00,0.50,0.50,0.50,83.50,15.00,100.00,
118,362002.00,15.00,0.00,0.50,0.00,"ARPA","25","QUKE",0.50,30.00,0.50,1.00,0.50,97.00,1.00,100.00,
119,362012.00,8.00,0.00,0.50,0.00,"PRVI","18","None",0.00,55.00,0.50,1.00,0.50,97.50,0.50,100.00,"PRVI = prunus virginiana"
120,362035.00,10.00,0.00,0.50,0.00,"CECO","55","QUKE",0.50,35.00,0.50,0.50,0.50,98.00,0.50,100.00,
121,402000.00,3.00,0.00,0.50,0.00,"CHFO","80","QUKE",5.00,11.00,0.50,0.50,0.00,98.50,0.50,100.00,
122,404000.00,5.00,3.00,1.00,0.00,"CHFO","99","QUKE",22.00,0.50,0.50,0.00,0.50,98.00,1.00,100.00,
123,410000.00,10.00,0.00,0.00,0.00,"ARVI4","30","QUKE",7.00,0.00,0.50,0.50,0.50,83.50,15.00,100.00,
124,411000.00,5.00,0.00,0.50,0.00,"ARVI4","25","QUKE",20.00,6.00,0.50,0.50,0.50,90.50,8.00,100.00,
125,414000.00,6.00,7.00,8.00,0.00,"CHFO","15","QUKE",8.00,9.00,0.50,0.00,0.00,98.50,1.00,100.00,
126,432000.00,12.00,0.00,0.50,0.00,"CHFO","7","QUKE",5.00,15.00,0.50,0.50,0.50,97.50,1.00,100.00,
127,435000.00,8.00,0.00,0.50,0.00,"CHFO","10","QUKE",5.00,25.00,0.50,0.50,0.00,96.00,3.00,100.00,
128,439000.00,8.00,0.00,0.50,0.00,"CHFO","35","QUKE",0.50,7.00,0.50,0.50,0.00,98.50,0.50,100.00,
129,561000.00,7.00,0.00,0.50,0.00,"ARVI4","55","QUKE",0.50,75.00,1.00,0.50,0.50,95.00,3.00,100.00,
130,562000.00,15.00,0.00,0.50,0.00,"ARVI4","20","QUKE",0.50,45.00,1.00,0.50,0.50,97.50,0.50,100.00,
131,564000.00,10.00,0.00,0.50,0.00,"CHFO","70","QUKE",0.50,30.00,0.50,0.00,0.00,98.50,1.00,100.00,
132,570000.00,20.00,0.00,0.00,0.00,"CHFO","95","QUCH",0.50,25.00,1.00,0.00,0.00,98.50,0.50,100.00,
133,632000.00,5.00,3.00,0.50,0.00,"RUDI","13","QUKE",10.00,17.00,0.50,0.50,1.00,97.50,0.50,100.00,
134,634000.00,3.00,7.00,1.00,0.00,"RUDI","3","QUKE",25.00,12.00,0.50,0.50,0.00,98.50,0.50,100.00,"piecces of cement on ground"
135,636000.00,18.00,0.00,0.50,0.00,"ARVI4","65","QUKE",17.00,20.00,0.50,0.50,1.00,97.50,0.50,100.00,
136,637000.00,12.00,0.00,0.50,0.00,"ARVI4","70","QUKE",5.00,3.00,0.50,0.50,0.50,95.50,3.00,100.00,
137,155151.00,20.00,1.00,20.00,0.00,"CECO","15","QUKE",0.50,0.00,1.00,0.50,0.00,68.50,30.00,100.00,
138,155152.00,25.00,3.00,1.00,0.00,"CECO","2",,0.00,0.00,1.00,0.50,3.00,70.50,25.00,100.00,
139,155153.00,30.00,1.00,0.50,0.00,"CHFO","7","QUKE",1.00,0.50,1.00,0.50,10.00,68.50,20.00,100.00,
140,155154.00,35.00,2.00,0.00,0.00,"RIRO","1","QUKE",2.00,1.00,1.00,0.50,5.00,78.50,15.00,100.00,
141,155155.00,10.00,2.00,0.50,0.00,"CHFO","25","QUKE",2.00,1.00,1.00,3.00,4.00,84.00,8.00,100.00,
142,155156.00,15.00,1.00,0.00,0.00,"CHFO","90","QUKE",3.00,1.00,1.00,0.50,1.00,94.50,3.00,100.00,
143,4022052.00,1.00,20.00,0.50,0.00,"ARVI4","97","QUKE",0.50,0.50,1.00,0.00,0.50,98.00,0.50,100.00,
144,4022062.00,2.00,23.00,0.50,0.00,"ARVI4","90","QUCH",0.50,0.50,1.00,0.50,0.00,98.00,0.50,100.00,
145,4022082.00,1.00,23.00,0.50,0.00,"ARVI4","75","QUKE",0.50,1.00,0.50,0.00,0.00,99.00,0.50,100.00,
146,4022092.00,8.00,1.00,0.50,0.00,"ARVI4","95","QUKE",8.00,0.00,1.00,0.50,0.00,98.00,0.50,100.00,
147,241000.00,1.00,12.00,0.50,0.00,"CHFO","96","QUCH",0.50,3.00,0.50,0.50,0.50,97.50,1.00,100.00,
148,247000.00,10.00,0.00,0.50,0.00,"CHFO","65","QUCH",0.50,5.00,0.50,1.00,0.50,91.00,7.00,100.00,
149,248000.00,10.00,13.00,0.50,0.00,"CHFO","35","QUKE",12.00,7.00,0.50,0.50,0.50,95.50,3.00,100.00,
150,301000.00,8.00,6.00,0.50,0.00,"CHFO","15","QUKE",18.00,80.00,0.50,0.50,0.50,94.50,4.00,100.00,
151,302000.00,4.00,0.00,0.50,0.00,"CHFO","17","QUKE",1.00,45.00,0.50,0.50,0.50,68.50,30.00,100.00,
152,304000.00,4.00,8.00,0.50,0.00,"CHFO","27","QUKE",4.00,65.00,0.50,0.50,0.50,98.00,0.50,100.00,
153,305000.00,12.00,10.00,0.50,0.00,"CEIN","0.5","QUCH",0.50,35.00,0.50,0.50,0.00,74.00,25.00,100.00,
154,307000.00,15.00,0.00,0.50,0.00,"CHFO","20","QUCH",8.00,35.00,0.50,0.00,0.50,90.00,9.00,100.00,
155,308000.00,5.00,6.00,0.50,0.00,"CHFO","0.5","QUKE",0.50,55.00,0.50,0.50,0.50,83.50,15.00,100.00,
156,311000.00,12.00,0.00,0.50,0.00,"CHFO","20","QUKE",0.50,80.00,0.50,0.50,0.50,68.50,30.00,100.00,
157,312000.00,1.00,15.00,0.50,0.00,"CHFO","75","QUCH",0.50,15.00,0.50,0.00,0.50,94.00,5.00,100.00,
158,242000.00,2.00,10.00,0.50,0.00,"CHFO","95","QUKE",5.00,15.00,0.50,0.50,0.50,98.00,0.50,100.00,
159,243000.00,70.00,30.00,0.10,0.00,"CHFO","85","NA",0.00,10.00,20.00,0.10,2.50,67.40,10.00,100.00,
160,,,,,,,,,,,,,,,,0.00,
161,,,,,,,,,,,,,,,,0.00,
162,,,,,,,,,,,,,,,,0.00,
163,,,,,,,,,,,,,,,,0.00,
164,,,,,,,,,,,,,,,,0.00,
165,,,,,,,,,,,,,,,,0.00,
166,,,,,,,,,,,,,,,,0.00,
167,,,,,,,,,,,,,,,,0.00,
168,,,,,,,,,,,,,,,,0.00,
169,,,,,,,,,,,,,,,,0.00,
170,,,,,,,,,,,,,,,,0.00,
171,,,,,,,,,,,,,,,,0.00,
172,,,,,,,,,,,,,,,,0.00,
173,,,,,,,,,,,,,,,,0.00,
174,,,,,,,,,,,,,,,,0.00,
175,,,,,,,,,,,,,,,,0.00,
176,,,,,,,,,,,,,,,,0.00,
177,,,,,,,,,,,,,,,,0.00,
178,,,,,,,,,,,,,,,,0.00,
179,,,,,,,,,,,,,,,,0.00,
180,,,,,,,,,,,,,,,,0.00,
181,,,,,,,,,,,,,,,,0.00,
182,,,,,,,,,,,,,,,,0.00,
183,,,,,,,,,,,,,,,,0.00,
184,,,,,,,,,,,,,,,,0.00,
185,,,,,,,,,,,,,,,,0.00,
186,,,,,,,,,,,,,,,,0.00,
187,,,,,,,,,,,,,,,,0.00,
188,,,,,,,,,,,,,,,,0.00,
189,,,,,,,,,,,,,,,,0.00,
190,,,,,,,,,,,,,,,,0.00,
191,,,,,,,,,,,,,,,,0.00,
192,,,,,,,,,,,,,,,,0.00,
193,,,,,,,,,,,,,,,,0.00,
194,,,,,,,,,,,,,,,,0.00,
195,,,,,,,,,,,,,,,,0.00,
196,,,,,,,,,,,,,,,,0.00,
197,,,,,,,,,,,,,,,,0.00,
198,,,,,,,,,,,,,,,,0.00,
199,,,,,,,,,,,,,,,,0.00,
200,,,,,,,,,,,,,,,,0.00,
201,,,,,,,,,,,,,,,,0.00,
202,,,,,,,,,,,,,,,,0.00,
203,,,,,,,,,,,,,,,,0.00,
204,,,,,,,,,,,,,,,,0.00,
205,,,,,,,,,,,,,,,,0.00,
206,,,,,,,,,,,,,,,,0.00,
207,,,,,,,,,,,,,,,,0.00,
208,,,,,,,,,,,,,,,,0.00,
209,,,,,,,,,,,,,,,,0.00,
210,,,,,,,,,,,,,,,,0.00,
211,,,,,,,,,,,,,,,,0.00,
212,,,,,,,,,,,,,,,,0.00,
213,,,,,,,,,,,,,,,,0.00,
214,,,,,,,,,,,,,,,,0.00,
215,,,,,,,,,,,,,,,,0.00,
216,,,,,,,,,,,,,,,,0.00,
217,,,,,,,,,,,,,,,,0.00,
218,,,,,,,,,,,,,,,,0.00,
219,,,,,,,,,,,,,,,,0.00,
220,,,,,,,,,,,,,,,,0.00,
221,,,,,,,,,,,,,,,,0.00,
222,,,,,,,,,,,,,,,,0.00,
223,,,,,,,,,,,,,,,,0.00,
224,,,,,,,,,,,,,,,,0.00,
225,,,,,,,,,,,,,,,,0.00,
226,,,,,,,,,,,,,,,,0.00,
227,,,,,,,,,,,,,,,,0.00,
228,,,,,,,,,,,,,,,,0.00,
229,,,,,,,,,,,,,,,,0.00,
230,,,,,,,,,,,,,,,,0.00,
231,,,,,,,,,,,,,,,,0.00,
232,,,,,,,,,,,,,,,,0.00,
233,,,,,,,,,,,,,,,,0.00,
234,,,,,,,,,,,,,,,,0.00,
235,,,,,,,,,,,,,,,,0.00,
236,,,,,,,,,,,,,,,,0.00,
237,,,,,,,,,,,,,,,,0.00,
238,,,,,,,,,,,,,,,,0.00,
239,,,,,,,,,,,,,,,,0.00,
240,,,,,,,,,,,,,,,,0.00,
241,,,,,,,,,,,,,,,,0.00,
242,,,,,,,,,,,,,,,,0.00,
243,,,,,,,,,,,,,,,,0.00,
244,,,,,,,,,,,,,,,,0.00,
245,,,,,,,,,,,,,,,,0.00,
246,,,,,,,,,,,,,,,,0.00,
247,,,,,,,,,,,,,,,,0.00,
248,,,,,,,,,,,,,,,,0.00,
249,,,,,,,,,,,,,,,,0.00,
250,,,,,,,,,,,,,,,,0.00,
251,,,,,,,,,,,,,,,,0.00,
252,,,,,,,,,,,,,,,,0.00,
253,,,,,,,,,,,,,,,,0.00,
254,,,,,,,,,,,,,,,,0.00,
255,,,,,,,,,,,,,,,,0.00,
256,,,,,,,,,,,,,,,,0.00,
257,,,,,,,,,,,,,,,,0.00,
258,,,,,,,,,,,,,,,,0.00,
259,,,,,,,,,,,,,,,,0.00,
260,,,,,,,,,,,,,,,,0.00,
261,,,,,,,,,,,,,,,,0.00,
262,,,,,,,,,,,,,,,,0.00,
263,,,,,,,,,,,,,,,,0.00,
264,,,,,,,,,,,,,,,,0.00,
265,,,,,,,,,,,,,,,,0.00,
266,,,,,,,,,,,,,,,,0.00,
267,,,,,,,,,,,,,,,,0.00,
268,,,,,,,,,,,,,,,,0.00,
269,,,,,,,,,,,,,,,,0.00,
270,,,,,,,,,,,,,,,,0.00,
271,,,,,,,,,,,,,,,,0.00,
272,,,,,,,,,,,,,,,,0.00,
273,,,,,,,,,,,,,,,,0.00,
274,,,,,,,,,,,,,,,,0.00,
275,,,,,,,,,,,,,,,,0.00,
276,,,,,,,,,,,,,,,,0.00,
277,,,,,,,,,,,,,,,,0.00,
278,,,,,,,,,,,,,,,,0.00,
279,,,,,,,,,,,,,,,,0.00,
280,,,,,,,,,,,,,,,,0.00,
281,,,,,,,,,,,,,,,,0.00,
282,,,,,,,,,,,,,,,,0.00,
283,,,,,,,,,,,,,,,,0.00,
284,,,,,,,,,,,,,,,,0.00,
285,,,,,,,,,,,,,,,,0.00,
286,,,,,,,,,,,,,,,,0.00,
287,,,,,,,,,,,,,,,,0.00,
288,,,,,,,,,,,,,,,,0.00,
289,,,,,,,,,,,,,,,,0.00,
290,,,,,,,,,,,,,,,,0.00,
291,,,,,,,,,,,,,,,,0.00,
292,,,,,,,,,,,,,,,,0.00,
293,,,,,,,,,,,,,,,,0.00,
294,,,,,,,,,,,,,,,,0.00,
295,,,,,,,,,,,,,,,,0.00,
296,,,,,,,,,,,,,,,,0.00,
297,,,,,,,,,,,,,,,,0.00,
298,,,,,,,,,,,,,,,,0.00,
299,,,,,,,,,,,,,,,,0.00,
300,,,,,,,,,,,,,,,,0.00,
301,,,,,,,,,,,,,,,,0.00,
302,,,,,,,,,,,,,,,,0.00,
303,,,,,,,,,,,,,,,,0.00,
304,,,,,,,,,,,,,,,,0.00,
305,,,,,,,,,,,,,,,,0.00,
306,,,,,,,,,,,,,,,,0.00,
307,,,,,,,,,,,,,,,,0.00,
308,,,,,,,,,,,,,,,,0.00,
309,,,,,,,,,,,,,,,,0.00,
310,,,,,,,,,,,,,,,,0.00,
311,,,,,,,,,,,,,,,,0.00,
312,,,,,,,,,,,,,,,,0.00,
313,,,,,,,,,,,,,,,,0.00,
314,,,,,,,,,,,,,,,,0.00,
315,,,,,,,,,,,,,,,,0.00,
316,,,,,,,,,,,,,,,,0.00,
317,,,,,,,,,,,,,,,,0.00,
318,,,,,,,,,,,,,,,,0.00,
319,,,,,,,,,,,,,,,,0.00,
320,,,,,,,,,,,,,,,,0.00,
321,,,,,,,,,,,,,,,,0.00,
322,,,,,,,,,,,,,,,,0.00,
323,,,,,,,,,,,,,,,,0.00,
324,,,,,,,,,,,,,,,,0.00,
325,,,,,,,,,,,,,,,,0.00,
326,,,,,,,,,,,,,,,,0.00,
327,,,,,,,,,,,,,,,,0.00,
328,,,,,,,,,,,,,,,,0.00,
329,,,,,,,,,,,,,,,,0.00,
330,,,,,,,,,,,,,,,,0.00,
331,,,,,,,,,,,,,,,,0.00,
332,,,,,,,,,,,,,,,,0.00,
333,,,,,,,,,,,,,,,,0.00,
334,,,,,,,,,,,,,,,,0.00,
335,,,,,,,,,,,,,,,,0.00,
336,,,,,,,,,,,,,,,,0.00,
337,,,,,,,,,,,,,,,,0.00,
338,,,,,,,,,,,,,,,,0.00,
339,,,,,,,,,,,,,,,,0.00,
340,,,,,,,,,,,,,,,,0.00,
341,,,,,,,,,,,,,,,,0.00,
342,,,,,,,,,,,,,,,,0.00,
343,,,,,,,,,,,,,,,,0.00,
344,,,,,,,,,,,,,,,,0.00,
345,,,,,,,,,,,,,,,,0.00,
346,,,,,,,,,,,,,,,,0.00,
347,,,,,,,,,,,,,,,,0.00,
348,,,,,,,,,,,,,,,,0.00,
349,,,,,,,,,,,,,,,,0.00,
350,,,,,,,,,,,,,,,,0.00,
351,,,,,,,,,,,,,,,,0.00,
352,,,,,,,,,,,,,,,,0.00,
353,,,,,,,,,,,,,,,,0.00,
354,,,,,,,,,,,,,,,,0.00,
355,,,,,,,,,,,,,,,,0.00,
356,,,,,,,,,,,,,,,,0.00,
357,,,,,,,,,,,,,,,,0.00,
358,,,,,,,,,,,,,,,,0.00,
359,,,,,,,,,,,,,,,,0.00,
360,,,,,,,,,,,,,,,,0.00,
361,,,,,,,,,,,,,,,,0.00,
362,,,,,,,,,,,,,,,,0.00,
363,,,,,,,,,,,,,,,,0.00,
364,,,,,,,,,,,,,,,,0.00,
365,,,,,,,,,,,,,,,,0.00,
366,,,,,,,,,,,,,,,,0.00,
367,,,,,,,,,,,,,,,,0.00,
368,,,,,,,,,,,,,,,,0.00,
369,,,,,,,,,,,,,,,,0.00,
370,,,,,,,,,,,,,,,,0.00,
371,,,,,,,,,,,,,,,,0.00,
372,,,,,,,,,,,,,,,,0.00,
373,,,,,,,,,,,,,,,,0.00,
374,,,,,,,,,,,,,,,,0.00,
375,,,,,,,,,,,,,,,,0.00,
376,,,,,,,,,,,,,,,,0.00,
377,,,,,,,,,,,,,,,,0.00,
378,,,,,,,,,,,,,,,,0.00,
379,,,,,,,,,,,,,,,,0.00,
380,,,,,,,,,,,,,,,,0.00,
381,,,,,,,,,,,,,,,,0.00,
382,,,,,,,,,,,,,,,,0.00,
383,,,,,,,,,,,,,,,,0.00,
384,,,,,,,,,,,,,,,,0.00,
385,,,,,,,,,,,,,,,,0.00,
386,,,,,,,,,,,,,,,,0.00,
387,,,,,,,,,,,,,,,,0.00,
388,,,,,,,,,,,,,,,,0.00,
389,,,,,,,,,,,,,,,,0.00,
390,,,,,,,,,,,,,,,,0.00,
391,,,,,,,,,,,,,,,,0.00,
392,,,,,,,,,,,,,,,,0.00,
393,,,,,,,,,,,,,,,,0.00,
394,,,,,,,,,,,,,,,,0.00,
395,,,,,,,,,,,,,,,,0.00,
396,,,,,,,,,,,,,,,,0.00,
397,,,,,,,,,,,,,,,,0.00,
398,,,,,,,,,,,,,,,,0.00,
399,,,,,,,,,,,,,,,,0.00,
400,,,,,,,,,,,,,,,,0.00,
401,,,,,,,,,,,,,,,,0.00,
402,,,,,,,,,,,,,,,,0.00,
403,,,,,,,,,,,,,,,,0.00,
404,,,,,,,,,,,,,,,,0.00,
405,,,,,,,,,,,,,,,,0.00,
406,,,,,,,,,,,,,,,,0.00,
407,,,,,,,,,,,,,,,,0.00,
408,,,,,,,,,,,,,,,,0.00,
409,,,,,,,,,,,,,,,,0.00,
410,,,,,,,,,,,,,,,,0.00,
411,,,,,,,,,,,,,,,,0.00,
412,,,,,,,,,,,,,,,,0.00,
413,,,,,,,,,,,,,,,,0.00,
414,,,,,,,,,,,,,,,,0.00,
415,,,,,,,,,,,,,,,,0.00,
416,,,,,,,,,,,,,,,,0.00,
417,,,,,,,,,,,,,,,,0.00,
418,,,,,,,,,,,,,,,,0.00,
419,,,,,,,,,,,,,,,,0.00,
420,,,,,,,,,,,,,,,,0.00,
421,,,,,,,,,,,,,,,,0.00,
422,,,,,,,,,,,,,,,,0.00,
423,,,,,,,,,,,,,,,,0.00,
424,,,,,,,,,,,,,,,,0.00,
425,,,,,,,,,,,,,,,,0.00,
426,,,,,,,,,,,,,,,,0.00,
427,,,,,,,,,,,,,,,,0.00,
428,,,,,,,,,,,,,,,,0.00,
429,,,,,,,,,,,,,,,,0.00,
430,,,,,,,,,,,,,,,,0.00,
431,,,,,,,,,,,,,,,,0.00,
432,,,,,,,,,,,,,,,,0.00,
433,,,,,,,,,,,,,,,,0.00,
434,,,,,,,,,,,,,,,,0.00,
435,,,,,,,,,,,,,,,,0.00,
436,,,,,,,,,,,,,,,,0.00,
437,,,,,,,,,,,,,,,,0.00,
438,,,,,,,,,,,,,,,,0.00,
439,,,,,,,,,,,,,,,,0.00,
440,,,,,,,,,,,,,,,,0.00,
441,,,,,,,,,,,,,,,,0.00,
442,,,,,,,,,,,,,,,,0.00,
443,,,,,,,,,,,,,,,,0.00,
444,,,,,,,,,,,,,,,,0.00,
445,,,,,,,,,,,,,,,,0.00,
446,,,,,,,,,,,,,,,,0.00,
447,,,,,,,,,,,,,,,,0.00,
448,,,,,,,,,,,,,,,,0.00,
449,,,,,,,,,,,,,,,,0.00,
450,,,,,,,,,,,,,,,,0.00,
451,,,,,,,,,,,,,,,,0.00,
452,,,,,,,,,,,,,,,,0.00,
453,,,,,,,,,,,,,,,,0.00,
454,,,,,,,,,,,,,,,,0.00,
455,,,,,,,,,,,,,,,,0.00,
456,,,,,,,,,,,,,,,,0.00,
457,,,,,,,,,,,,,,,,0.00,
458,,,,,,,,,,,,,,,,0.00,
459,,,,,,,,,,,,,,,,0.00,
460,,,,,,,,,,,,,,,,0.00,
461,,,,,,,,,,,,,,,,0.00,
462,,,,,,,,,,,,,,,,0.00,
463,,,,,,,,,,,,,,,,0.00,
464,,,,,,,,,,,,,,,,0.00,
465,,,,,,,,,,,,,,,,0.00,
466,,,,,,,,,,,,,,,,0.00,
467,,,,,,,,,,,,,,,,0.00,
468,,,,,,,,,,,,,,,,0.00,
469,,,,,,,,,,,,,,,,0.00,
470,,,,,,,,,,,,,,,,0.00,
471,,,,,,,,,,,,,,,,0.00,
472,,,,,,,,,,,,,,,,0.00,
473,,,,,,,,,,,,,,,,0.00,
474,,,,,,,,,,,,,,,,0.00,
475,,,,,,,,,,,,,,,,0.00,
476,,,,,,,,,,,,,,,,0.00,
477,,,,,,,,,,,,,,,,0.00,
478,,,,,,,,,,,,,,,,0.00,
479,,,,,,,,,,,,,,,,0.00,
480,,,,,,,,,,,,,,,,0.00,
481,,,,,,,,,,,,,,,,0.00,
482,,,,,,,,,,,,,,,,0.00,
483,,,,,,,,,,,,,,,,0.00,
484,,,,,,,,,,,,,,,,0.00,
485,,,,,,,,,,,,,,,,0.00,
486,,,,,,,,,,,,,,,,0.00,
487,,,,,,,,,,,,,,,,0.00,
488,,,,,,,,,,,,,,,,0.00,
489,,,,,,,,,,,,,,,,0.00,
490,,,,,,,,,,,,,,,,0.00,
491,,,,,,,,,,,,,,,,0.00,
492,,,,,,,,,,,,,,,,0.00,
493,,,,,,,,,,,,,,,,0.00,
494,,,,,,,,,,,,,,,,0.00,
495,,,,,,,,,,,,,,,,0.00,
496,,,,,,,,,,,,,,,,0.00,
497,,,,,,,,,,,,,,,,0.00,
498,,,,,,,,,,,,,,,,0.00,
499,,,,,,,,,,,,,,,,0.00,
500,,,,,,,,,,,,,,,,0.00,
501,,,,,,,,,,,,,,,,0.00,
502,,,,,,,,,,,,,,,,0.00,
503,,,,,,,,,,,,,,,,0.00,
504,,,,,,,,,,,,,,,,0.00,
505,,,,,,,,,,,,,,,,0.00,
506,,,,,,,,,,,,,,,,0.00,
507,,,,,,,,,,,,,,,,0.00,
508,,,,,,,,,,,,,,,,0.00,
509,,,,,,,,,,,,,,,,0.00,
510,,,,,,,,,,,,,,,,0.00,
511,,,,,,,,,,,,,,,,0.00,
512,,,,,,,,,,,,,,,,0.00,
513,,,,,,,,,,,,,,,,0.00,
514,,,,,,,,,,,,,,,,0.00,
515,,,,,,,,,,,,,,,,0.00,
516,,,,,,,,,,,,,,,,0.00,
517,,,,,,,,,,,,,,,,0.00,
518,,,,,,,,,,,,,,,,0.00,
519,,,,,,,,,,,,,,,,0.00,
520,,,,,,,,,,,,,,,,0.00,
521,,,,,,,,,,,,,,,,0.00,
522,,,,,,,,,,,,,,,,0.00,
523,,,,,,,,,,,,,,,,0.00,
524,,,,,,,,,,,,,,,,0.00,
525,,,,,,,,,,,,,,,,0.00,
526,,,,,,,,,,,,,,,,0.00,
527,,,,,,,,,,,,,,,,0.00,
528,,,,,,,,,,,,,,,,0.00,
529,,,,,,,,,,,,,,,,0.00,
530,,,,,,,,,,,,,,,,0.00,
531,,,,,,,,,,,,,,,,0.00,
532,,,,,,,,,,,,,,,,0.00,
533,,,,,,,,,,,,,,,,0.00,
534,,,,,,,,,,,,,,,,0.00,
535,,,,,,,,,,,,,,,,0.00,
536,,,,,,,,,,,,,,,,0.00,
537,,,,,,,,,,,,,,,,0.00,
538,,,,,,,,,,,,,,,,0.00,
539,,,,,,,,,,,,,,,,0.00,
540,,,,,,,,,,,,,,,,0.00,
541,,,,,,,,,,,,,,,,0.00,
542,,,,,,,,,,,,,,,,0.00,
543,,,,,,,,,,,,,,,,0.00,
544,,,,,,,,,,,,,,,,0.00,
545,,,,,,,,,,,,,,,,0.00,
546,,,,,,,,,,,,,,,,0.00,
547,,,,,,,,,,,,,,,,0.00,
548,,,,,,,,,,,,,,,,0.00,
549,,,,,,,,,,,,,,,,0.00,
550,,,,,,,,,,,,,,,,0.00,
551,,,,,,,,,,,,,,,,0.00,
552,,,,,,,,,,,,,,,,0.00,
553,,,,,,,,,,,,,,,,0.00,
554,,,,,,,,,,,,,,,,0.00,
555,,,,,,,,,,,,,,,,0.00,
556,,,,,,,,,,,,,,,,0.00,
557,,,,,,,,,,,,,,,,0.00,
558,,,,,,,,,,,,,,,,0.00,
559,,,,,,,,,,,,,,,,0.00,
560,,,,,,,,,,,,,,,,0.00,
561,,,,,,,,,,,,,,,,0.00,
562,,,,,,,,,,,,,,,,0.00,
563,,,,,,,,,,,,,,,,0.00,
564,,,,,,,,,,,,,,,,0.00,
565,,,,,,,,,,,,,,,,0.00,
566,,,,,,,,,,,,,,,,0.00,
567,,,,,,,,,,,,,,,,0.00,
568,,,,,,,,,,,,,,,,0.00,
569,,,,,,,,,,,,,,,,0.00,
570,,,,,,,,,,,,,,,,0.00,
571,,,,,,,,,,,,,,,,0.00,
572,,,,,,,,,,,,,,,,0.00,
573,,,,,,,,,,,,,,,,0.00,
574,,,,,,,,,,,,,,,,0.00,
575,,,,,,,,,,,,,,,,0.00,
576,,,,,,,,,,,,,,,,0.00,
577,,,,,,,,,,,,,,,,0.00,
578,,,,,,,,,,,,,,,,0.00,
579,,,,,,,,,,,,,,,,0.00,
580,,,,,,,,,,,,,,,,0.00,
581,,,,,,,,,,,,,,,,0.00,
582,,,,,,,,,,,,,,,,0.00,
583,,,,,,,,,,,,,,,,0.00,
584,,,,,,,,,,,,,,,,0.00,
585,,,,,,,,,,,,,,,,0.00,
586,,,,,,,,,,,,,,,,0.00,
587,,,,,,,,,,,,,,,,0.00,
588,,,,,,,,,,,,,,,,0.00,
589,,,,,,,,,,,,,,,,0.00,
590,,,,,,,,,,,,,,,,0.00,
591,,,,,,,,,,,,,,,,0.00,
592,,,,,,,,,,,,,,,,0.00,
593,,,,,,,,,,,,,,,,0.00,
594,,,,,,,,,,,,,,,,0.00,
595,,,,,,,,,,,,,,,,0.00,
596,,,,,,,,,,,,,,,,0.00,
597,,,,,,,,,,,,,,,,0.00,
598,,,,,,,,,,,,,,,,0.00,
599,,,,,,,,,,,,,,,,0.00,
600,,,,,,,,,,,,,,,,0.00,
601,,,,,,,,,,,,,,,,0.00,
602,,,,,,,,,,,,,,,,0.00,
603,,,,,,,,,,,,,,,,0.00,
604,,,,,,,,,,,,,,,,0.00,
605,,,,,,,,,,,,,,,,0.00,
606,,,,,,,,,,,,,,,,0.00,
607,,,,,,,,,,,,,,,,0.00,
608,,,,,,,,,,,,,,,,0.00,
609,,,,,,,,,,,,,,,,0.00,
610,,,,,,,,,,,,,,,,0.00,
611,,,,,,,,,,,,,,,,0.00,
612,,,,,,,,,,,,,,,,0.00,
613,,,,,,,,,,,,,,,,0.00,
614,,,,,,,,,,,,,,,,0.00,
615,,,,,,,,,,,,,,,,0.00,
616,,,,,,,,,,,,,,,,0.00,
617,,,,,,,,,,,,,,,,0.00,
618,,,,,,,,,,,,,,,,0.00,
619,,,,,,,,,,,,,,,,0.00,
620,,,,,,,,,,,,,,,,0.00,
621,,,,,,,,,,,,,,,,0.00,
622,,,,,,,,,,,,,,,,0.00,
623,,,,,,,,,,,,,,,,0.00,
624,,,,,,,,,,,,,,,,0.00,
625,,,,,,,,,,,,,,,,0.00,
626,,,,,,,,,,,,,,,,0.00,
627,,,,,,,,,,,,,,,,0.00,
628,,,,,,,,,,,,,,,,0.00,
629,,,,,,,,,,,,,,,,0.00,
630,,,,,,,,,,,,,,,,0.00,
631,,,,,,,,,,,,,,,,0.00,
632,,,,,,,,,,,,,,,,0.00,
633,,,,,,,,,,,,,,,,0.00,
634,,,,,,,,,,,,,,,,0.00,
635,,,,,,,,,,,,,,,,0.00,
636,,,,,,,,,,,,,,,,0.00,
637,,,,,,,,,,,,,,,,0.00,
638,,,,,,,,,,,,,,,,0.00,
639,,,,,,,,,,,,,,,,0.00,
640,,,,,,,,,,,,,,,,0.00,
641,,,,,,,,,,,,,,,,0.00,
642,,,,,,,,,,,,,,,,0.00,
643,,,,,,,,,,,,,,,,0.00,
644,,,,,,,,,,,,,,,,0.00,
645,,,,,,,,,,,,,,,,0.00,
646,,,,,,,,,,,,,,,,0.00,
647,,,,,,,,,,,,,,,,0.00,
648,,,,,,,,,,,,,,,,0.00,
649,,,,,,,,,,,,,,,,0.00,
650,,,,,,,,,,,,,,,,0.00,
651,,,,,,,,,,,,,,,,0.00,
652,,,,,,,,,,,,,,,,0.00,
653,,,,,,,,,,,,,,,,0.00,
654,,,,,,,,,,,,,,,,0.00,
655,,,,,,,,,,,,,,,,0.00,
656,,,,,,,,,,,,,,,,0.00,
657,,,,,,,,,,,,,,,,0.00,
658,,,,,,,,,,,,,,,,0.00,
659,,,,,,,,,,,,,,,,0.00,
660,,,,,,,,,,,,,,,,0.00,
661,,,,,,,,,,,,,,,,0.00,
662,,,,,,,,,,,,,,,,0.00,
663,,,,,,,,,,,,,,,,0.00,
664,,,,,,,,,,,,,,,,0.00,
665,,,,,,,,,,,,,,,,0.00,
666,,,,,,,,,,,,,,,,0.00,
667,,,,,,,,,,,,,,,,0.00,
668,,,,,,,,,,,,,,,,0.00,
669,,,,,,,,,,,,,,,,0.00,
670,,,,,,,,,,,,,,,,0.00,
671,,,,,,,,,,,,,,,,0.00,
672,,,,,,,,,,,,,,,,0.00,
673,,,,,,,,,,,,,,,,0.00,
674,,,,,,,,,,,,,,,,0.00,
675,,,,,,,,,,,,,,,,0.00,
676,,,,,,,,,,,,,,,,0.00,
677,,,,,,,,,,,,,,,,0.00,
678,,,,,,,,,,,,,,,,0.00,
679,,,,,,,,,,,,,,,,0.00,
680,,,,,,,,,,,,,,,,0.00,
681,,,,,,,,,,,,,,,,0.00,
682,,,,,,,,,,,,,,,,0.00,
683,,,,,,,,,,,,,,,,0.00,
684,,,,,,,,,,,,,,,,0.00,
685,,,,,,,,,,,,,,,,0.00,
686,,,,,,,,,,,,,,,,0.00,
687,,,,,,,,,,,,,,,,0.00,
688,,,,,,,,,,,,,,,,0.00,
689,,,,,,,,,,,,,,,,0.00,
690,,,,,,,,,,,,,,,,0.00,
691,,,,,,,,,,,,,,,,0.00,
692,,,,,,,,,,,,,,,,0.00,
693,,,,,,,,,,,,,,,,0.00,
694,,,,,,,,,,,,,,,,0.00,
695,,,,,,,,,,,,,,,,0.00,
696,,,,,,,,,,,,,,,,0.00,
697,,,,,,,,,,,,,,,,0.00,
698,,,,,,,,,,,,,,,,0.00,
699,,,,,,,,,,,,,,,,0.00,
700,,,,,,,,,,,,,,,,0.00,
701,,,,,,,,,,,,,,,,0.00,
702,,,,,,,,,,,,,,,,0.00,
703,,,,,,,,,,,,,,,,0.00,
704,,,,,,,,,,,,,,,,0.00,
705,,,,,,,,,,,,,,,,0.00,
706,,,,,,,,,,,,,,,,0.00,
707,,,,,,,,,,,,,,,,0.00,
708,,,,,,,,,,,,,,,,0.00,
709,,,,,,,,,,,,,,,,0.00,
710,,,,,,,,,,,,,,,,0.00,
711,,,,,,,,,,,,,,,,0.00,
712,,,,,,,,,,,,,,,,0.00,
713,,,,,,,,,,,,,,,,0.00,
714,,,,,,,,,,,,,,,,0.00,
715,,,,,,,,,,,,,,,,0.00,
716,,,,,,,,,,,,,,,,0.00,
717,,,,,,,,,,,,,,,,0.00,
718,,,,,,,,,,,,,,,,0.00,
719,,,,,,,,,,,,,,,,0.00,
720,,,,,,,,,,,,,,,,0.00,
721,,,,,,,,,,,,,,,,0.00,
722,,,,,,,,,,,,,,,,0.00,
723,,,,,,,,,,,,,,,,0.00,
724,,,,,,,,,,,,,,,,0.00,
725,,,,,,,,,,,,,,,,0.00,
726,,,,,,,,,,,,,,,,0.00,
727,,,,,,,,,,,,,,,,0.00,
728,,,,,,,,,,,,,,,,0.00,
729,,,,,,,,,,,,,,,,0.00,
730,,,,,,,,,,,,,,,,0.00,
731,,,,,,,,,,,,,,,,0.00,
732,,,,,,,,,,,,,,,,0.00,
733,,,,,,,,,,,,,,,,0.00,
734,,,,,,,,,,,,,,,,0.00,
735,,,,,,,,,,,,,,,,0.00,
736,,,,,,,,,,,,,,,,0.00,
737,,,,,,,,,,,,,,,,0.00,
738,,,,,,,,,,,,,,,,0.00,
739,,,,,,,,,,,,,,,,0.00,
740,,,,,,,,,,,,,,,,0.00,
741,,,,,,,,,,,,,,,,0.00,
742,,,,,,,,,,,,,,,,0.00,
743,,,,,,,,,,,,,,,,0.00,
744,,,,,,,,,,,,,,,,0.00,
745,,,,,,,,,,,,,,,,0.00,
746,,,,,,,,,,,,,,,,0.00,
747,,,,,,,,,,,,,,,,0.00,
748,,,,,,,,,,,,,,,,0.00,
749,,,,,,,,,,,,,,,,0.00,
750,,,,,,,,,,,,,,,,0.00,
751,,,,,,,,,,,,,,,,0.00,
752,,,,,,,,,,,,,,,,0.00,
753,,,,,,,,,,,,,,,,0.00,
754,,,,,,,,,,,,,,,,0.00,
755,,,,,,,,,,,,,,,,0.00,
756,,,,,,,,,,,,,,,,0.00,
757,,,,,,,,,,,,,,,,0.00,
758,,,,,,,,,,,,,,,,0.00,
759,,,,,,,,,,,,,,,,0.00,
760,,,,,,,,,,,,,,,,0.00,
761,,,,,,,,,,,,,,,,0.00,
762,,,,,,,,,,,,,,,,0.00,
763,,,,,,,,,,,,,,,,0.00,
764,,,,,,,,,,,,,,,,0.00,
765,,,,,,,,,,,,,,,,0.00,
766,,,,,,,,,,,,,,,,0.00,
767,,,,,,,,,,,,,,,,0.00,
768,,,,,,,,,,,,,,,,0.00,
769,,,,,,,,,,,,,,,,0.00,
770,,,,,,,,,,,,,,,,0.00,
771,,,,,,,,,,,,,,,,0.00,
772,,,,,,,,,,,,,,,,0.00,
773,,,,,,,,,,,,,,,,0.00,
774,,,,,,,,,,,,,,,,0.00,
775,,,,,,,,,,,,,,,,0.00,
776,,,,,,,,,,,,,,,,0.00,
777,,,,,,,,,,,,,,,,0.00,
778,,,,,,,,,,,,,,,,0.00,
779,,,,,,,,,,,,,,,,0.00,
780,,,,,,,,,,,,,,,,0.00,
781,,,,,,,,,,,,,,,,0.00,
782,,,,,,,,,,,,,,,,0.00,
783,,,,,,,,,,,,,,,,0.00,
784,,,,,,,,,,,,,,,,0.00,
785,,,,,,,,,,,,,,,,0.00,
786,,,,,,,,,,,,,,,,0.00,
787,,,,,,,,,,,,,,,,0.00,
788,,,,,,,,,,,,,,,,0.00,
789,,,,,,,,,,,,,,,,0.00,
790,,,,,,,,,,,,,,,,0.00,
791,,,,,,,,,,,,,,,,0.00,
792,,,,,,,,,,,,,,,,0.00,
793,,,,,,,,,,,,,,,,0.00,
794,,,,,,,,,,,,,,,,0.00,
795,,,,,,,,,,,,,,,,0.00,
796,,,,,,,,,,,,,,,,0.00,
797,,,,,,,,,,,,,,,,0.00,
798,,,,,,,,,,,,,,,,0.00,
799,,,,,,,,,,,,,,,,0.00,
800,,,,,,,,,,,,,,,,0.00,
801,,,,,,,,,,,,,,,,0.00,
802,,,,,,,,,,,,,,,,0.00,
803,,,,,,,,,,,,,,,,0.00,
804,,,,,,,,,,,,,,,,0.00,
805,,,,,,,,,,,,,,,,0.00,
806,,,,,,,,,,,,,,,,0.00,
807,,,,,,,,,,,,,,,,0.00,
808,,,,,,,,,,,,,,,,0.00,
809,,,,,,,,,,,,,,,,0.00,
810,,,,,,,,,,,,,,,,0.00,
811,,,,,,,,,,,,,,,,0.00,
812,,,,,,,,,,,,,,,,0.00,
813,,,,,,,,,,,,,,,,0.00,
814,,,,,,,,,,,,,,,,0.00,
815,,,,,,,,,,,,,,,,0.00,
816,,,,,,,,,,,,,,,,0.00,
817,,,,,,,,,,,,,,,,0.00,
818,,,,,,,,,,,,,,,,0.00,
819,,,,,,,,,,,,,,,,0.00,
820,,,,,,,,,,,,,,,,0.00,
821,,,,,,,,,,,,,,,,0.00,
822,,,,,,,,,,,,,,,,0.00,
823,,,,,,,,,,,,,,,,0.00,
824,,,,,,,,,,,,,,,,0.00,
825,,,,,,,,,,,,,,,,0.00,
826,,,,,,,,,,,,,,,,0.00,
827,,,,,,,,,,,,,,,,0.00,
828,,,,,,,,,,,,,,,,0.00,
829,,,,,,,,,,,,,,,,0.00,
830,,,,,,,,,,,,,,,,0.00,
831,,,,,,,,,,,,,,,,0.00,
832,,,,,,,,,,,,,,,,0.00,
833,,,,,,,,,,,,,,,,0.00,
834,,,,,,,,,,,,,,,,0.00,
835,,,,,,,,,,,,,,,,0.00,
836,,,,,,,,,,,,,,,,0.00,
837,,,,,,,,,,,,,,,,0.00,
838,,,,,,,,,,,,,,,,0.00,
839,,,,,,,,,,,,,,,,0.00,
840,,,,,,,,,,,,,,,,0.00,
841,,,,,,,,,,,,,,,,0.00,
842,,,,,,,,,,,,,,,,0.00,
843,,,,,,,,,,,,,,,,0.00,
844,,,,,,,,,,,,,,,,0.00,
845,,,,,,,,,,,,,,,,0.00,
846,,,,,,,,,,,,,,,,0.00,
847,,,,,,,,,,,,,,,,0.00,
848,,,,,,,,,,,,,,,,0.00,
849,,,,,,,,,,,,,,,,0.00,
850,,,,,,,,,,,,,,,,0.00,
851,,,,,,,,,,,,,,,,0.00,
852,,,,,,,,,,,,,,,,0.00,
853,,,,,,,,,,,,,,,,0.00,
854,,,,,,,,,,,,,,,,0.00,
855,,,,,,,,,,,,,,,,0.00,
856,,,,,,,,,,,,,,,,0.00,
857,,,,,,,,,,,,,,,,0.00,
858,,,,,,,,,,,,,,,,0.00,
859,,,,,,,,,,,,,,,,0.00,
860,,,,,,,,,,,,,,,,0.00,
861,,,,,,,,,,,,,,,,0.00,
862,,,,,,,,,,,,,,,,0.00,
863,,,,,,,,,,,,,,,,0.00,
864,,,,,,,,,,,,,,,,0.00,
865,,,,,,,,,,,,,,,,0.00,
866,,,,,,,,,,,,,,,,0.00,
867,,,,,,,,,,,,,,,,0.00,
868,,,,,,,,,,,,,,,,0.00,
869,,,,,,,,,,,,,,,,0.00,
870,,,,,,,,,,,,,,,,0.00,
871,,,,,,,,,,,,,,,,0.00,
872,,,,,,,,,,,,,,,,0.00,
873,,,,,,,,,,,,,,,,0.00,
874,,,,,,,,,,,,,,,,0.00,
875,,,,,,,,,,,,,,,,0.00,
876,,,,,,,,,,,,,,,,0.00,
877,,,,,,,,,,,,,,,,0.00,
878,,,,,,,,,,,,,,,,0.00,
879,,,,,,,,,,,,,,,,0.00,
880,,,,,,,,,,,,,,,,0.00,
881,,,,,,,,,,,,,,,,0.00,
882,,,,,,,,,,,,,,,,0.00,
883,,,,,,,,,,,,,,,,0.00,
884,,,,,,,,,,,,,,,,0.00,
885,,,,,,,,,,,,,,,,0.00,
886,,,,,,,,,,,,,,,,0.00,
887,,,,,,,,,,,,,,,,0.00,
888,,,,,,,,,,,,,,,,0.00,
889,,,,,,,,,,,,,,,,0.00,
890,,,,,,,,,,,,,,,,0.00,
891,,,,,,,,,,,,,,,,0.00,
892,,,,,,,,,,,,,,,,0.00,
893,,,,,,,,,,,,,,,,0.00,
894,,,,,,,,,,,,,,,,0.00,
895,,,,,,,,,,,,,,,,0.00,
896,,,,,,,,,,,,,,,,0.00,
897,,,,,,,,,,,,,,,,0.00,
898,,,,,,,,,,,,,,,,0.00,
899,,,,,,,,,,,,,,,,0.00,
900,,,,,,,,,,,,,,,,0.00,
901,,,,,,,,,,,,,,,,0.00,
902,,,,,,,,,,,,,,,,0.00,
903,,,,,,,,,,,,,,,,0.00,
904,,,,,,,,,,,,,,,,0.00,
905,,,,,,,,,,,,,,,,0.00,
906,,,,,,,,,,,,,,,,0.00,
907,,,,,,,,,,,,,,,,0.00,
908,,,,,,,,,,,,,,,,0.00,
909,,,,,,,,,,,,,,,,0.00,
910,,,,,,,,,,,,,,,,0.00,
911,,,,,,,,,,,,,,,,0.00,
912,,,,,,,,,,,,,,,,0.00,
913,,,,,,,,,,,,,,,,0.00,
914,,,,,,,,,,,,,,,,0.00,
915,,,,,,,,,,,,,,,,0.00,
916,,,,,,,,,,,,,,,,0.00,
917,,,,,,,,,,,,,,,,0.00,
918,,,,,,,,,,,,,,,,0.00,
919,,,,,,,,,,,,,,,,0.00,
920,,,,,,,,,,,,,,,,0.00,
921,,,,,,,,,,,,,,,,0.00,
922,,,,,,,,,,,,,,,,0.00,
923,,,,,,,,,,,,,,,,0.00,
924,,,,,,,,,,,,,,,,0.00,
925,,,,,,,,,,,,,,,,0.00,
926,,,,,,,,,,,,,,,,0.00,
927,,,,,,,,,,,,,,,,0.00,
928,,,,,,,,,,,,,,,,0.00,
929,,,,,,,,,,,,,,,,0.00,
930,,,,,,,,,,,,,,,,0.00,
931,,,,,,,,,,,,,,,,0.00,
932,,,,,,,,,,,,,,,,0.00,
933,,,,,,,,,,,,,,,,0.00,
934,,,,,,,,,,,,,,,,0.00,
935,,,,,,,,,,,,,,,,0.00,
936,,,,,,,,,,,,,,,,0.00,
937,,,,,,,,,,,,,,,,0.00,
938,,,,,,,,,,,,,,,,0.00,
939,,,,,,,,,,,,,,,,0.00,
940,,,,,,,,,,,,,,,,0.00,
941,,,,,,,,,,,,,,,,0.00,
942,,,,,,,,,,,,,,,,0.00,
943,,,,,,,,,,,,,,,,0.00,
944,,,,,,,,,,,,,,,,0.00,
945,,,,,,,,,,,,,,,,0.00,
946,,,,,,,,,,,,,,,,0.00,
947,,,,,,,,,,,,,,,,0.00,
948,,,,,,,,,,,,,,,,0.00,
949,,,,,,,,,,,,,,,,0.00,
950,,,,,,,,,,,,,,,,0.00,
951,,,,,,,,,,,,,,,,0.00,
952,,,,,,,,,,,,,,,,0.00,
953,,,,,,,,,,,,,,,,0.00,
954,,,,,,,,,,,,,,,,0.00,
955,,,,,,,,,,,,,,,,0.00,
956,,,,,,,,,,,,,,,,0.00,
957,,,,,,,,,,,,,,,,0.00,
958,,,,,,,,,,,,,,,,0.00,
959,,,,,,,,,,,,,,,,0.00,
960,,,,,,,,,,,,,,,,0.00,
961,,,,,,,,,,,,,,,,0.00,
962,,,,,,,,,,,,,,,,0.00,
963,,,,,,,,,,,,,,,,0.00,
964,,,,,,,,,,,,,,,,0.00,
965,,,,,,,,,,,,,,,,0.00,
966,,,,,,,,,,,,,,,,0.00,
967,,,,,,,,,,,,,,,,0.00,
968,,,,,,,,,,,,,,,,0.00,
969,,,,,,,,,,,,,,,,0.00,
970,,,,,,,,,,,,,,,,0.00,
971,,,,,,,,,,,,,,,,0.00,
972,,,,,,,,,,,,,,,,0.00,
973,,,,,,,,,,,,,,,,0.00,
974,,,,,,,,,,,,,,,,0.00,
975,,,,,,,,,,,,,,,,0.00,
976,,,,,,,,,,,,,,,,0.00,
977,,,,,,,,,,,,,,,,0.00,
978,,,,,,,,,,,,,,,,0.00,
979,,,,,,,,,,,,,,,,0.00,
980,,,,,,,,,,,,,,,,0.00,
981,,,,,,,,,,,,,,,,0.00,
982,,,,,,,,,,,,,,,,0.00,
983,,,,,,,,,,,,,,,,0.00,
984,,,,,,,,,,,,,,,,0.00,
985,,,,,,,,,,,,,,,,0.00,
986,,,,,,,,,,,,,,,,0.00,
987,,,,,,,,,,,,,,,,0.00,
988,,,,,,,,,,,,,,,,0.00,
989,,,,,,,,,,,,,,,,0.00,
990,,,,,,,,,,,,,,,,0.00,
991,,,,,,,,,,,,,,,,0.00,
992,,,,,,,,,,,,,,,,0.00,
993,,,,,,,,,,,,,,,,0.00,
994,,,,,,,,,,,,,,,,0.00,
995,,,,,,,,,,,,,,,,0.00,
996,,,,,,,,,,,,,,,,0.00,
997,,,,,,,,,,,,,,,,0.00,
998,,,,,,,,,,,,,,,,0.00,
999,,,,,,,,,,,,,,,,0.00,
1000,,,,,,,,,,,,,,,,0.00,
1001,,,,,,,,,,,,,,,,0.00,
1002,,,,,,,,,,,,,,,,0.00,
1003,,,,,,,,,,,,,,,,0.00,
1004,,,,,,,,,,,,,,,,0.00,
1005,,,,,,,,,,,,,,,,0.00,
1006,,,,,,,,,,,,,,,,0.00,
1007,,,,,,,,,,,,,,,,0.00,
1008,,,,,,,,,,,,,,,,0.00,
1009,,,,,,,,,,,,,,,,0.00,
1010,,,,,,,,,,,,,,,,0.00,
1011,,,,,,,,,,,,,,,,0.00,
1012,,,,,,,,,,,,,,,,0.00,
1013,,,,,,,,,,,,,,,,0.00,
1014,,,,,,,,,,,,,,,,0.00,
1015,,,,,,,,,,,,,,,,0.00,
1016,,,,,,,,,,,,,,,,0.00,
1017,,,,,,,,,,,,,,,,0.00,
1018,,,,,,,,,,,,,,,,0.00,
1019,,,,,,,,,,,,,,,,0.00,
1020,,,,,,,,,,,,,,,,0.00,
1021,,,,,,,,,,,,,,,,0.00,
1022,,,,,,,,,,,,,,,,0.00,
