ID,Plot Name,Forest,District,Location,Treated,NewPlot,DataCollectors,Date,TimeStarted,Datum,UTMN,UTME,Aspect,Slope,DominantTreeSp,CoDominateSp,TopoPosition,DeadPineDist,Photo N Name,Photo S Name,PhotoN,PhotoS,ICOdata,Notes
1,1510207,Sierra,Bass Lake,Nelder Grove,N,N,"JB, SR, AW",6/1/2017,0.40625,,,,135,19,Pinus ponderosa,Abies concolor,Mid,NA,1510207_N,1510207_S,X,X,,monumented plot center still present- see last year for coordinates
2,1510210,Sierra,Bass Lake,Granddad,N,N,"SR, JB",6/7/2017,0.19791666667,,,,149,25,Calocedrus decurrens,Abies concolor,Mid,NA,1510210_N,1510210_S,X,X,X,plot point 111 = plot center
3,155111,Sierra,Bass Lake,Granddad,N,N,"SR, JB",6/12/2017,0.38819444444,,,,316,33,Abies concolor,Pinus ponderosa,Mid,13,155111_2017_N,155111_2017_S,X,X,X,"one cut stump in plot, plot on edge of thinned area"
4,155112,Sierra,Bass Lake,Granddad,N,N,"JB, SR",6/12/2016,0.54166666667,,,,300,27,Abies concolor,Calocedrus decurrens,Mid,See Notes,155112_2017_N,155112_2017_S,X,X,X,"approx. 50 m to nearest dead pine, dead conifers in plot"
5,155113,Sierra,Bass Lake,Granddad,N,N,"SR, JB",6/13/2017,0.37777777778,,,,298,42,Abies concolor,Calocedrus decurrens,Mid,N/A,155113_2017_N,155113_2017_S,X,X,X,
6,155115,Sierra,Bass Lake,Granddad,N,N,"SR, JB",6/13/2017,0.50694444444,,,,299,37,Calocedrus decurrens,Pinus ponderosa,Mid,40,155115_2017_N,155115_2017_N,X,X,X,
7,155114,Sierra,Bass Lake,Granddad,N,N,"SR, JB",6/14/2017,0.33888888889,,,,294,26,Quercus kelloggii,NA,Mid,NA,20170614_082351,20170614_082538,X,X,X,1 stump in plot
8,155131,Sierra,Bass Lake,Pine Grove,Y,N,"JB, SR",6/14/2017,0.54166666667,,,,354,16.5,Quercus kelloggii,None,Upper,N/A,131622,131728,X,X,X,aspect and slope ard sverages
9,155132,Sierra,Bass Lake,Pine Grove,Y,N,"SR, JB",6/14/2017,0.15277777778,,,,350,9,Quercus kelloggii,NA,Mid,N/A,20170614_154208,20170614_154256,X,X,X,
10,155133,Sierra,Bass Lake,Pine Grove,Y,N,"SR, JB",6/15/2017,0.37847222222,,,,21,64,Quercus kelloggii,None,Mid,NA,93105,93152,X,X,X,
11,155134,Sierra,Bass Lake,Pine Grove,Y,N,"S?, JB",6/15/2017,0.46111111111,,,,349,5,Quercus kelloggii,NA,Upper,NA,155134_2017_N,155134_2017_S,X,X,X,
12,155135,Sierra,Bass Lake,Pine Grove,Y,N,"SR, JB",6/15/2017,0.11875,,,,184,26,Quercus kelloggii,None,Mid,NA,155135_2017_N,155135_2017_S,X,X,X,
13,155136,Sierra,Bass Lake,Pine Grove,Y,N,"SR, JB",6/15/2017,0.5625,,,,265,13,None,None,Upper,NA,131916,132019,X,X,X,
14,4022012,Sierra,High Sierra,Blue Canyon3C,N,N,"SR, JB",6/19/2017,0.48958333333,,,,33,25,Pinus ponderosa,NA,Mid,NA,114525,114801,X,X,X,monument name different from plot name
15,4022022,Sierra,High Sierra,Blue Canyon3C,N,N,"SR, JB",6/19/2017,0.096527777778,,,,270,18,Calocedrus decurrens,NA,Mid,NA,4022022_2017_N,4022022_2017_S,X,X,X,
16,4022042,Sierra,High Sierra,Blue Canyon3C,N,N,"JB, SR",6/20/2017,0.33333333333,,,,239,24,Calocedrus decurrens,NA,Mid,NA,80803,80955,X,X,X,
17,4022072,Sierra,High Sierra,Blue Canyon3C,N,N,"SR, JB",6/20/2017,0.53402777778,,,,279,18,Calocedrus decurrens,Quercus kelloggii,Mid,NA,125927,130240,X,X,X,
18,405201,Sierra,High Sierra,Blue Canyon3C,Y,N,"JB, SR",6/22/2017,0.31944444444,,,,7,14,Quercus kelloggii,None,Mid,NA,74432,74513,X,X,X,current treatment occyring outside but near plot (removing dead trees from road buffer)
19,405202,Sierra,High Sierra,Blue Canyon3C,Y,N,"SR, JB",6/22/2017,0.36805555556,,,,38,21,Quercus kelloggii,Pinus ponderosa,Mid,NA,85618,85703,X,X,X,monument mislabeled as 450202
20,405204,Sierra,High Sierra,Blue Canyon3C,Y,N,"SR, JB",6/22/2017,0.46875,,,,43,40,Pinus ponderosa,None,Mid,NA,113256,113444,X,X,X,
21,405205,Sierra,High Sierra,Blue Canyon3C,Y,N,"SR, JB",6/22/2017,0.58333333333,,,,332,18,None,None,Mid,NA,103237,103330,X,X,X,No live trees on plot
22,405206,Sierra,High Sierra,Blue Canyon3C,Y,N,"SR, JB",6/26/2017,0.48819444444,,,,5,34,Quercus kelloggii,None,Mid,NA,114335,114521,X,X,X,"no sign of treatment on plot, but clearly surrounded by treated area"
23,405207,Sierra,High Sierra,Blue Canyon3C,Y,N,"SR, JB",6/26/2017,0.64583333333,,,,128,35.5,Quercus kelloggii,None,Mid,NA,152705,152824,X,X,X,
24,405208,Sierra,High Sierra,Blue Canyon3C,Y,N,"SR, JB",6/27/2017,0.33333333333,,,,251,15,Calocedrus decurrens,NA,Upper,NA,82850,83102,X,X,X,
25,405210,Sierra,High Sierra,Blue Canyon3C,Y,N,"JB, SR",6/27/2017,0.44791666667,,,,335,34,Quercus kelloggii,None,Mid,NA,105408,105510,X,X,X,
26,155137,Sierra,Bass Lake,Pine Grove,Y,N,"SR, JB",6/29/2017,0.38194444444,,,,123,13,Quercus kelloggii,None,Mid,NA,91218,91303,X,X,X,
27,155138,Sierra,Bass Lake,Pine Grove,Y,N,"SR, JB",6/29/2017,0.33958333333,,,,320,9,Quercus kelloggii,None,Mid,NA,81014,81051,X,X,X,"no live trees in plot, 3 overstory live QUKE 1m out of plot, 3 live QUKE seedling in plot but outside regen radius"
28,155141,Sierra,Bass Lake,Pine Grove,N,N,"SR, JB",6/29/2017,0.43680555556,,,,142,13,Calocedrus decurrens,None,Mid,NA,103039,103138,X,X,X,
29,155142,Sierra,Bass Lake,Pine Grove,N,N,"SR, JB",6/29/2017,0.10416666667,,,,161,1,Calocedrus decurrens,None,Upper,NA,150335,150431,X,X,X,javad point taken
30,155143,Sierra,Bass Lake,Pine Grove,N,N,"SR, JB",7/3/2017,0.11388888889,,,,118,9,Calocedrus decurrens,None,Upper,NA,144351,144447,X,X,X,
31,155144,Sierra,Bass Lake,Pine Grove,N,N,"SR, JB",7/4/2017,0.34722222222,,,,202,7,Calocedrus decurrens,None,Mid,NA,81826,81939,X,X,X,
32,155147,Sierra,Bass Lake,Pine Grove,N,N,"SR, JB",7/4/2017,0.52361111111,,,,0,,Calocedrus decurrens,Pinus ponderosa,Upper,NA,122641,122745,X,X,X,"too flat to est slope & aspect; trimble had difficulty getting fix. some GPS points may be off in tree data, especizlly in southeast quadrsnt with high densuty of saplings"
33,155146,Sierra,Bass Lake,Pine Grove,N,N,"SR, JB",7/8/2017,0.52430555556,,,,53,24,Calocedrus decurrens,Pinus ponderosa,Mid,NA,123536,123644,X,X,X,
34,155148,Sierra,Bass Lake,Pine Grove,N,N,"SR, JB",7/5/2017,0.39583333333,,,,241,5,Calocedrus decurrens,None,Mid,NA,92648,92734,X,X,X,
35,155149,Sierra,Bass Lake,Pine Grove,N,N,"SR, JB",7/13/2017,0.36041666667,,,,203,27,Quercus kelloggii,None,Mid,NA,83239,83344,X,X,X,
36,155161,Sierra,Bass Lake,Foster16,N,N,"SR, JB",7/10/2017,0.35972222222,,,,151,22,Pinus lambertiana,Calocedrus decurrens,Mid,NA,83138,83248,X,X,X,"a lot of trouble getting fix for ICO, was only able to take half of the points with trimble. never got fix for western half of plot in 3 visits so ended up geolocating clumps like witness trees- would measure out to clump from center of plot then shoot an"
37,155162,Sierra,Bass Lake,Foster16,N,N,"SR, JB, AW",7/11/2017,1300,,,,14,15,Calocedrus decurrens,Pinus ponderosa,Mid,30,121221,121340,X,X,X,"a lot of trouble getting fix for ICO, points probably unusable"
38,155163,Sierra,Bass Lake,Foster16,N,N,"sr,jb,aw",7/11/2017,0.47916666667,,,,54,21,Pinus ponderosa,None,Mid,na,144342,144439,X,X,X,"a lot of trouble getting fix on satellites for ICO, points not very accurate, probably unusable"
39,155164,Sierra,Bass Lake,Foster16,N,N,"SR, JB",7/12/2017,0.55555555556,,,,163,22,Calocedrus decurrens,Pinus ponderosa,Mid,50,132924,133039,X,X,X,signs of old treatment/logging
40,155168,Sierra,Bass Lake,Foster16,N,N,"SR, JB",7/10/2017,0.5,,,,212,18,Calocedrus decurrens,None,Mid,15,120446,120615,x,X,X,Had to manually place 3 points in southeast quadrant bc of lack of fix. All points in this quadrant may be a few meters off.
41,167601,Stanislaus,Groveland,Long Shanahan,Y,N,"BE, SR, JB",7/17/2017,0.5625,,,,24,38,Pinus ponderosa,Calocedrus decurrens,Mid,NA,133807,133855,X,X,X,
42,167605,Stanislaus,Groveland,Long Shanahan,Y,N,"SR, JB",7/19/2017,0.44791666667,,,,36,14,Calocedrus decurrens,Pinus ponderosa,Mid,NA,104822,104914,X,X,shot azimuths,
43,362014,Eldorado,Pacific,Lincoln,Y,N,"SR, JB",7/23/2017,0.4625,,,,222,8,Pinus ponderosa,Calocedrus decurrens,Mid,15.6,110536,110614,X,X,X,
44,362015,Eldorado,Pacific,Lincoln,Y,N,"Sr, JB",7/23/2017,0.54166666667,,,,228,41,Pinus lambertiana,Pinus ponderosa,Mid,22.16,130329,130407,X,X,X,
45,362026,Eldorado,Pacific,Lincoln,Y,N,"SR, JB",7/23/2017,0.11458333333,,,,216,4,Abies concolor,Pinus lambertiana,Mid,NA,144747,144844,X,X,X,
46,362027,Eldorado,Pacific,Lincoln,Y,N,"SR, JB",7/23/2017,0.6875,,,,231,2,Pinus ponderosa,Calocedrus decurrens,Mid,33.97,164343,164426,X,X,X,
47,362034,Eldorado,Pacific,Lincoln,Y,N,"SR, JB",7/24/2017,0.37152777778,,,,,0,Pinus lambertiana,Abies concolor,Upper,None within 50m,85950,90036,X,X,X,"1% slope, too flat to determine aspect"
48,1676112,Stanislaus,Groveland,Long Shanahan,N,N,"SR, JB",7/18/2017,0.32638888889,,,,299,11,Pinus lambertiana,None,Mid,NA,80040,80356,X,X,X,monument labeled 167611
49,1676122,Stanislaus,Groveland,Long Shanahan,N,N,"SR, JB",7/18/2017,0.42708333333,,,,25,15,Pinus lambertiana,None,Mid,NA,101120,101331,X,X,X,
50,1676132,Stanislaus,Groveland,Long Shanahan,N,N,"SR, JB",7/18/2017,0.054166666667,,,,14,15,Pinus ponderosa,None,Mid,NA,131803,132019,X,X,X,
51,1676152,Stanislaus,Groveland,Long Shanahan,N,N,"SR, JB",7/18/2017,0.65625,,,,76,19,Pinus ponderosa,None,Mid,NA,155146,155234,X,X,X,
52,3620022,Eldorado,Pacific,Lincoln,N,N,"SR, JB",7/23/2017,0.33333333333,,,,205,11,Pinus ponderosa,Pinus lambertiana,Mid,none within 50 m,80129,80247,X,X,X,
53,3620032,Eldorado,Pacific,Lincoln,N,N,"SR, JB",7/20/2017,0.52777777778,,,,188,11,Pinus lambertiana,ABies concolor,Mid,See Notes,124750,125751,X,X,X,"No dead pine w/in 50 m viewing distance, 14.97 to nearest dead ABCO"
54,3620042,Eldorado,Pacific,Lincoln,N,N,"SR, JB",7/21/2017,0.33333333333,,,,216,11,Pinus lambertiana,Calocedrus decurrens,Mid,none w/in 50 m,80505,80708,X,X,X,
55,3620062,Eldorado,Pacific,Lincoln,N,N,"SR, JB",7/21/2017,0.47569444444,,,,231,6,Abies concolor,Calocedrus decurrens,Mid,not within eyesight,112833,112915,X,X,X,
56,3620072,Eldorado,Pacific,Lincoln,N,N,"SR, JB",7/21/2017,0.60416666667,,,,118,12,Pinus ponderosa,Abies concolor,Mid,None within 75 meters,143025,143200,X,X,X,
57,3620252,Eldorado,Pacific,Lincoln,N,N,"SR, JB",7/22/2017,0.11111111111,,,,173,13,Abies concolor,Calocedrus decurrens,Mid,NA,144100,144155,X,X,X,
58,3620282,Eldorado,Pacific,Lincoln,N,N,"SR, JB",7/22/2017,0.41666666667,,,,203,14,Pinus ponderosa,Abies concolor,Mid,greater than 50 m,101659,101746,X,X,X,"difficulty with trimble- clump locations may not be entirely accurate for first hslf of olot, gave up on second half anD shot azimuth/measured distance"
59,3620302,Eldorado,Pacific,Lincoln,N,N,"SR, JB",7/21/2017,0.18958333333,,,,213,19,Abies concolor,Calocedrus decurrens,Mid,NA,163220,163300,X,X,X,
60,167606,Stanislaus,Groveland,Long Shanahan,Y,N,"SR, JB",8/14/2017,0.51388888889,,,,348,18,Pinus lambertiana,Calocedrus decurrens,Upper,NA,121818,121953,X,X,X,bull thistle on plot
61,167616,Stanislaus,Groveland,Long Shanahan,Y,N,"SR, JB",8/15/2017,0.46388888889,,,,9,122,Pinus ponderosa,Pinus lambertiana,Mid,NA,110503,110659,X,X,X,
62,167621,Stanislaus,Groveland,Long Shanahan,Y,N,"SR, JB",8/14/2017,0.080555555556,,,,37,330,Pinus lambertiana,Quercus chrysolepis,Mid,NA,135435,135604,X,X,X,
63,167625,Stanislaus,Groveland,Long Shanahan,Y,N,"SR, JB",,0.6875,,,,34,31,Quercus kelloggii,Calocedrus decurrens,Mid,NA,163858,163951,X,X,X,
64,167644,Stanislaus,Groveland,Long Shanahan,Y,N,"SR, JB",8/12/2017,0.13680555556,,,,215,20,Pinus ponderosa,None,Mid,NA,151600,151647,X,X,X,
65,1676142,Stanislaus,Groveland,Long Shanahan,N,N,"SR, JB",8/14/2017,0.34375,,,,310,14,Pinus ponderosa,Quercus kelloggii,Mid,NA,80706,81108,X,X,X,
66,1676502,Stanislaus,Groveland,Long Shanahan,N,N,"SR, JB",8/13/2017,0.33958333333,,,,129,18,Quercus kelloggii,None,Mid,NA,80945,81506,X,X,X,
67,1676522,Stanislaus,Groveland,Long Shanahan,N,N,"SR, JB",8/13/2017,0.40625,,,,116,28,Quercus kelloggii,Pinus lambertiana,Mid,NA,94218,94321,X,X,X,
68,1676582,Stanislaus,Groveland,Long Shanahan,N,Y,"SR, JB",8/13/2017,0.054166666667,,,,,,Pinus ponderosa,Pinus lambertiana,Mid,15,131820,131948,X,X,X,"trimble froze mid-plot, shot trees for ico"
69,109002,Stanislaus,MiWok,South Fork,Y,N,"SR, JB",,0.39583333333,,,,124,20,Pinus ponderosa,Calocedrus decurrens,Upper,60.9,92721,92808,X,X,X,
70,109004,Stanislaus,MiWok,South Fork,Y,N,"SR, JB",8/10/2017,0.12083333333,,,,29,109,Pinus ponderosa,None,Mid,40m,145306,145355,X,X,X,
71,109005,Stanislaus,MiWok,South Fork,Y,N,"SR, JB",8/11/2017,0.34861111111,,,,25,126,Pinus ponderosa,Calocedrus decurrens,Mid,16m,82222,82302,X,X,X,
72,109006,Stanislaus,MiWok,South Fork,Y,N,"SR, JB",8/11/2017,0.43819444444,,,,121,18,Pinus ponderosa,Calocedrus decurrens,Upper,NA,103509,103549,X,X,X,
73,109007,Stanislaus,MiWok,South Fork,Y,N,"SR, JB",8/10/2017,0.13055555556,,,,136,25,Pinus ponderosa,Abies concolor,Lower,25.04,155457,155540,X,X,X,bull thistle on plot
74,109008,Stanislaus,MiWok,South Fork,Y,N,"SR, JB",8/11/2017,0.64583333333,,,,121,29,Abies concolor,Calocedrus decurrens,Lower,57.42,152511,152546,X,X,X,
75,109009,Stanislaus,MiWok,South Fork,Y,N,"SR, JB",8/11/2017,0.095138888889,,,,131,22,Pinus ponderosa,Calocedrus decurrens,Mid,None w/in 50m,141620,141706,X,X,X,most of the rocks on plot were concrete
76,109010,Stanislaus,MiWok,South Fork,Y,N,"JB, SR",8/11/2017,0.52777777778,,,,98,38,Pinus ponderosa,None,Drainage,30.38,124105,124159,X,X,X,"bullthistle in plot, some of the rock was concrete"
77,155165,Sierra,Bass Lake,Foster16,N,N,"SR, JB",8/3/2017,0.3625,,,,148,25,Calocedrus decurrens,Pinus ponderosa,Mid,20m,83939,84044,X,X,Shot azimuths,
78,1090012,Stanislaus,MiWok,South Fork,N,N,"SR, JB",8/7/2017,0.072916666667,,,,312,13,Pinus lambertiana,Calocedrus decurrens,Lower,NA,134558,134651,X,X,X,monument labeled 109001C. Trimble had troubke gstting fix ICO data may not be vompletely accurate
79,1090042,Stanislaus,MiWok,South Fork,N,N,"SR, JB",8/8/2017,0.40972222222,,,,309,19,Pinus lambertiana,Calocedrus decurrens,Mid,NA,95033,95126,X,X,X,Signs of old treatment- pics attached.
80,1090082,Stanislaus,MiWok,South Fork,N,N,"SR, JB",8/9/2017,0.34375,,,,278,27,Pinus ponderosa,Abies concolor,Mid,17,80449,80534,X,X,X,
81,1090092,Stanislaus,MiWok,South Fork,N,N,"SR, JB",8/8/2017,0.53125,,,,23,323,Calocedrus decurrens,Abies concolor,Drainage,17m,124506,124721,X,X,X,in drainage
82,1090122,Stanislaus,MiWok,South Fork,N,N,"SR, JB",8/9/2017,0.17638888889,,,,217,113,Calocedrus decurrens,None,Upper,NA,161222,161305,X,X,X,logging road seen in btwn this olot and 109132
83,1090132,Stanislaus,MiWok,South Fork,N,N,"SR, JB",8/9/2017,0.59027777778,,,,27,152,Calocedrus decurrens,None,Mid,NA,140908,140956,X,X,X,charred stump just outside of plot
84,1090142,Stanislaus,MiWok,South Fork,N,N,"SR, JB",8/9/2017,0.45138888889,,,,178,30,Pinus ponderosa,None,Mid,20m,105222,105510,X,X,X,newish looking stump in plot; javad started at 7:45 on8/11
85,1090152,Stanislaus,MiWok,South Fork,N,N,"SR, JB",8/10/2018,0.44791666667,,,,122,41,Calocedrus decurrens,None,Drainage,NA,104857,105001,X,X,X,trimble became possessed halfway through plot so had to shoot trees like witness trees for ICO
86,167603,Stanislaus,Groveland,Long Shanahan,Y,N,"SR, JB",7/19/2017,0.36527777778,,,,352,22,Quercus kelloggii,None,Mid,NA,84657,84753,X,X,shot azimuths,did ICO using witness tree method (shoot distance and azimuth from tree) due to Trimbke malfunction
87,1760101,Stanislaus,Calaveras,Omanuel Multiprod,Y,N,"SR, JB",8/26/2017,0.34513888889,,,,203,33,Pinus ponderosa,Quercus chrysolepis,Mid,NA,81421,81524,X,X,X,
88,1760106,Stanislaus,Calaveras,Omanuel Multiprod,Y,N,"SR, JB",8/26/2017,0.40625,,,,216,27,Quercus chrysolepis,Quercus kelloggii,Mid,NA,94705,94810,X,X,X,
89,1760116,Stanislaus,Calaveras,Omanuel Multiprod,Y,N,"SR, JB",8/26/2017,42973,,,,144,40,Pinus ponderosa,Quercus kelloggii,Mid,NA,120254,120520,X,X,X,
90,1760118,Stanislaus,Calaveras,Omanuel Multiprod,Y,N,"SR, JB",8/26/2017,0.58333333333,,,,235,10,Pinus ponderosa,Calocedrus decurrens,Upper,70.1,135949,140052,X,X,SHOT azimuths,trimble in the fritz so shot trees like azimuth trees for ICO
91,1760606,Stanislaus,Calaveras,Omanuel Multiprod,Y,N,"SR, JB",8/27/2017,0.5625,,,,122,20,Pinus ponderosa,Calocedrus decurrens,Upper,99.11,133654,133736,X,X,X,
92,1760611,Stanislaus,Calaveras,Omanuel Multiprod,Y,N,"SR, JB",8/27/2017,0.52013888889,,,,81,22,Pinus ponderosa,Calocedrus decurrens,Mid,18m,122646,122726,X,X,X,
93,1760613,Stanislaus,Calaveras,Omanuel Multiprod,Y,N,"SR, JB",8/27/2017,0.44791666667,,,,120,14,Calocedrus decurrens,Pinus ponderosa,Upper,NA,105415,105449,X,X,X,
94,1760622,Stanislaus,Calaveras,Omanuel Multiprod,Y,N,"SR, JB",8/27/2017,0.12430555556,,,,178,14,Calocedrus decurrens,Quercus kelloggii,Mid,NA,145710,145752,X,X,shot azimuths,
95,17601032,Stanislaus,Calaveras,Omanuel Multiprod controls,N,N,"SR, JB",8/25/2017,0.56597222222,,,,49,27,Calocedrus decurrens,Abies concolor,Mid,NA,133426,133528,X,X,X,plot center 13 m off trail
96,17601072,Stanislaus,Calaveras,Omanuel Multiprod controls,N,N,"SR, JB",8/25/2017,0.37638888889,,,,308,25,Quercus chrysolepis,Pinus ponderosa,Mid,not within eyesight,90124,90245,X,X,X,"began to shoot trees like azimuth trees for ICO at clump 23 bc trimble struggling to get fix. no witness trees, established our own."
97,17601092,Stanislaus,Calaveras,Omanuel Multiprod controls,N,N,"SR, JB",8/24/2017,0.53125,,,,311,60,Pinus ponderosa,Calocedrus decurrens,Mid,none within sight,124510,124742,X,,X,had to shot half the trees for ico. Could not find south picture.
98,17601112,Stanislaus,Calaveras,Omanuel Multiprod controls,N,N,"SR, JB",8/23/2017,0.50694444444,,,,34,314,Pinus ponderosa,None,Mid,NA,121746,121840,X,X,,
99,17601132,Stanislaus,Calaveras,Omanuel Multiprod controls,N,N,"SR, JB",8/24/2017,0.63541666667,,,,285,47,Pinus ponderosa,Quercus chrysolepis,Mid,NA,150517,151007,X,X,,
100,17601142,Stanislaus,Calaveras,Omanuel Multiprod controls,N,N,"SR, JB",8/23/2017,0.60416666667,,,,109,40,Pinus ponderosa,Quercus chrysolepis,Mid,approx 80 m,144445,144544,X,X,X,signs of charring on plot- see photos
101,17606082,Stanislaus,Calaveras,Omanuel Multiprod controls,N,N,"SR, JB",8/22/2017,0.60416666667,,,,179,33,Quercus kelloggii,Calocedrus decurrens,Mid,approx. 70 m,141821,142030,X,X,X,
102,17606102,Stanislaus,Calaveras,Omanuel Multiprod,N,Y,"SR, JB",8/27/2017,0.35138888889,,,,155,28,Quercus kelloggii,Calocedrus decurrens,Mid,30m,85502,85700,X,X,,"re-established plot with new stake and witness trees, shot some trees for ico, recent stump just off plot (looks like firewood cutting?) and skid trail jusr below plot/at end of east transect"
103,155157,Sierra,Bass Lake,Foster16,Y,N,"SR, JB",9/25/2017,0.34722222222,,,,206,0.2,Pinus ponderosa,None,Mid,NA,81754,81837,X,X,X,"stake tag labeled 155156, but GPS points to 155157"
104,155158,Sierra,Bass Lake,Foster16,Y,N,"SR, JB",9/25/2017,0.41388888889,,,,189,50,Pinus ponderosa,Quercus kelloggii,Mid,NA,95755,95906,X,X,X,
105,155166,Sierra,Bass Lake,Foster16,N,N,"SR, JB",8/3/2017,0.48958333333,,,,184,22,Calocedrus decurrens,Pinus ponderosa,Mid,approx. 30 m,114104,114209,X,X,X,
106,155167,Sierra,Bass Lake,Foster16,N,N,"SR, JB",9/24/2017,0.52916666667,,,,190,28,Pinus ponderosa,Calocedrus decurrens,Mid,NA,123720,123808,X,X,X,
107,245000,Yosemite NP,Yosemite NP,StudHorse N,Y,N,"SR, JB",10/2/2017,0.4375,,,,233,18,Pinus ponderosa,Calocedrus decurrens,Mid,NA,102937,103020,X,X,X,
108,249000,Yosemite NP,Yosemite NP,StudHorse N,Y,N,"SR, JB",10/2/2017,0.55555555556,,,,355,25,Pinus ponderosa,None,Mid,NA,131910,132048,X,X,X,
109,362002,Eldorado,Pacific,Lincoln,Y,N,"SR, JB",9/23/2017,0.60416666667,,,,55,5,Pinus ponderosa,Calocedrus decurrens,Upper,none within 100 m,142946,143025,X,X,on Becky's Trimble,very few signs of treatment (1 stump)
110,362012,Eldorado,Pacific,Lincoln,Y,N,"SR, JB",9/23/2017,0.43055555556,,,,71,13,Abies concolor,Pinus ponderosa,Mid,approx 150 m,101948,102051,X,X,on Becky's Trimble,
111,362035,Eldorado,Pacific,Lincoln,Y,N,"SR, JB",9/23/2017,0.53055555556,,,,216,4,Pinus ponderosa,Calocedrus decurrens,Upper,NA,124140,124249,X,X,on Becky's Trimble,
112,402000,BLM,NA,Lily gap phase 1,Y,N,"SR, JB",9/21/2017,0.61111111111,,,,21,178,Pinus ponderosa,Pinus lambertiana,Mid,40,143830,143922,X,X,on Becky's Trimble?,
113,404000,BLM,NA,Lily gap phase 1,Y,N,"SR, JB",9/21/2017,0.66666666667,,,,195,25,Pinus ponderosa,Quercus kelloggii,Mid,NA,155423,155537,X,X,on Becky's Trimble?,
114,410000,BLM,NA,Lily gap phase 1,Y,N,"SR, JB",9/22/2017,0.39305555556,,,,22,210,Pinus ponderosa,Quercus kelloggii,Mid,approx 30m,92142,92221,X,X,on Becky's Trimble?,
115,411000,BLM,NA,Lily gap phase 1,Y,N,"SR, JB",9/22/2017,0.43055555556,,,,120,23,Pinus ponderosa,Quercus kelloggii,Upper,18.85,101517,101551,X,X,on Becky's Trimble?,
116,414000,BLM,NA,Lily gap phase 1,Y,N,"SR, JB",9/21/2017,0.52083333333,,,,18,18,Quercus kelloggii,Calocedrus decurrens,Mid,NA,122805,122853,X,X,on Becky's Trimble?,
117,432000,BLM,NA,Lily gap phase 1,Y,N,"SR, JB",9/22/2017,0.63541666667,,,,345,19,Pinus ponderosa,Calocedrus decurrens,Mid,44.96,154619,154659,X,X,on Becky's Trimble?,
118,435000,BLM,NA,Lily gap phase 1,Y,N,"SR, JB",9/22/2017,0.58333333333,,,,273,12,Calocedrus decurrens,Pseudotsuga menziesii,Mid,approx 200 m,140350,140433,X,X,on Becky's Trimble?,
119,439000,BLM,NA,Lily gap phase 1,N,N,"SR, JB",9/22/2017,0.11111111111,,,,218,13,Pinus ponderosa,Calocedrus decurrens,Mid,34.84,130553,130657,X,X,on Becky's Trimble?,
120,561000,BLM,NA,Lily gap phase 2,N,N,"SR, JB",9/20/2017,0.48263888889,,,,196,14,Pinus ponderosa,Calocedrus decurrens,Mid,NA,113322,113404,X,X,X,
121,562000,BLM,NA,Lily gap phase 2,N,Y,"SR, JB",9/20/2017,0.63541666667,,,,169,21,Pinus ponderosa,Pinus lambertiana,Mid,20.38,151538,151813,X,X,on Becky's Trimble?,
122,564000,BLM,NA,Lily gap phase 2,N,N,"SR, JB",9/20/2017,0.32638888889,,,,306,30,Pinus ponderosa,Calocedrus decurrens,Mid,16.84,75510,75554,X,X,X,
123,570000,BLM,NA,Lily gap phase 2,N,N,"SR, JB",9/21/2017,0.38194444444,,,,22,278,Pinus ponderosa,None,Mid,NA,91817,91858,X,X,on Becky's Trimble?,
124,632000,BLM,NA,Bummerville,N,N,"SR, JB",9/19/2017,0.6125,,,,209,14,Quercus kelloggii,Pseudotsuga menziesii,Mid,NA,143828,143938,X,X,on Becky's Trimble?,
125,634000,BLM,NA,Bummerville,N,N,"SR, JB",9/18/2017,0.70486111111,,,,21,11,Calocedrus decurrens,None,Mid,NA,170652,170741,X,X,X,
126,636000,BLM,NA,Bummerville,N,N,"SR, JB",9/18/2017,0.16666666667,,,,287,38,Pinus ponderosa,None,Mid,40.59,155633,155720,X,X,X,
127,637000,BLM,NA,Bummerville,N,N,"SR, JB",9/18/2017,0.66180555556,,,,163,26,Pinus ponderosa,None,Mid,approx. 30,150527,150642,X,X,X,
128,155151,Sierra,Bass Lake,Foster16,Y,N,"AB,TP",8/15/2017,0.36805555556,11n,4126289,288111,218,25,Abies concolor,Pinus lambertiana,Mid,14.3,130-0146,130-0147,,,Shot azimuths,2 large downed CADE logs in plot that do not cross fuels transacts. W fuels transect in a large white thorn bush. Trimble wouldn't turn on so GPS points are Garmin and ICO is stemmapped
129,155152,Sierra,Bass Lake,Foster16,Y,N,"AB,TP",8/15/2017,0.51041666667,11n,4126350,288099,169,23,Abies concolor,Pinus lambertiana,Mid,15.2,130-0149,130-0150,,,Shot azimuths,South transect ends in large PILA moving North facing photo up along the transect 2m along with 2m of fuel and first litter measurements inaccessible.
130,155153,Sierra,Bass Lake,Foster16,Y,N,"AB,TP",8/16/2017,0.33333333333,11n,4126395,288104,234,27,Abies concolor,Pinus lambertiana,Mid,N/A,130-0152,130-0153,,,Shot azimuths,
131,155154,Sierra,Bass Lake,Foster16,Y,N,"AB,TP",8/16/2017,0.47916666667,11n,4126343,288151,124,25,Abies concolor,Pinus lambertiana,Mid,16,130-0155,130-0156,,,Shot azimuths,
132,155155,Sierra,Bass Lake,Foster16,Y,N,"AB,TP",8/16/2017,0.125,11n,4126449,288151,180,22,Pinus ponderosa,Abies concolor,Mid,N/A,130-0158,130-0159,,,Shot azimuths,
133,155156,Sierra,Bass Lake,Foster16,Y,N,"AB,TP",8/17/2017,0.33333333333,11n,4126341,288399,185,12,Pinus ponderosa,Quercus kelloggii,Mid,N/A,130-0161,130-0162,,,Shot azimuths,"Plot center tag is labeled 155157, but it is the coordinates for 156"
134,4022052,Sierra,High Sierra,Blue Canyon3C,N,N,"SR, JB",6/21/2017,0.45625,,,,14,243,Quercus kelloggii,NA,Mid,NA,110246,110508,X,X,X,
135,4022062,Sierra,High Sierra,Blue Canyon3C,N,N,"SR, JB",6/20/2017,0.21388888889,,,,14,299,Calocedrus decurrens,NA,Mid,NA,170339,170504,X,X,X,"stumps, signs of very old treatment"
136,4022082,Sierra,High Sierra,Blue Canyon3C,N,N,"SR, JB",6/21/2017,0.15347222222,,,,163,34,Calocedrus decurrens,NA,Mid,NA,154514,155217,X,X,X,
137,4022092,Sierra,High Sierra,Blue Canyon3C,N,N,"SR, JB",6/21/2017,0.55208333333,,,,98,24,Quercus kelloggii,NA,Mid,NA,132102,132249,X,X,X,som3 very old stumps. lots of dead trees right outside plot. tree-like manzanita.
138,241000,Yosemite NP,Yosemite NP,StudHorse N,Y,N,"SR, JB",10/8/2017,0.091666666667,,,,70,6,Pinus ponderosa,None,Mid,NA,140740,140825,X,X,X,
139,247000,Yosemite NP,Yosemite NP,StudHorse N,Y,N,"SR, JB",10/8/2017,0.41666666667,,,,222,2,Pinus ponderosa,None,Upper,NA,102101,102148,X,X,X,
140,248000,Yosemite NP,Yosemite NP,StudHorse N,Y,N,"SR, JB",10/8/2017,0.51388888889,,,,8,27,Calocedrus decurrens,Pinus ponderosa,Upper,NA,122408,122509,X,X,X,
141,301000,Yosemite NP,Yosemite NP,StudHorse N,N,N,"SR, JB",10/3/2017,0.50694444444,,,,34,9,Pinus ponderosa,Calocedrus decurrens,Mid,15,120820,121048,X,X,X,
142,302000,Yosemite NP,Yosemite NP,StudHorse N,N,N,"SR, JB",10/3/2017,0.34375,,,,7,12,Calocedrus decurrens,Abies concolor,Mid,approx 20m,81426,81515,X,X,X,
143,304000,Yosemite NP,Yosemite NP,StudHorse N,N,N,"SR, JB",10/6/2017,0.36944444444,,,,326,19,Pinus ponderosa,Quercus kelloggii,Mid,NA,85529,85611,X,X,X,
144,305000,Yosemite NP,Yosemite NP,StudHorse N,N,N,"SR, JB",10/6/2017,0.52430555556,,,,10,31,Pinus ponderosa,Calocedrus decurrens,Mid,20,123556,123712,X,X,shot azimuths,
145,307000,Yosemite NP,Yosemite NP,StudHorse N,N,N,"SR, JB",10/4/2017,0.5625,,,,11,25,Pinus ponderosa,Calocedrus decurrens,Mid,15,133222,133335,X,X,shot azimuths,
146,308000,Yosemite NP,Yosemite NP,StudHorse N,N,N,"SR, JB",10/3/2017,0.36041666667,,,,359,22,Pinus ponderosa,Abies concolor,Mid,NA,84142,84310,X,X,X,
147,311000,Yosemite NP,Yosemite NP,StudHorse N,N,N,"SR, JB",10/7/2017,0.36458333333,,,,219,6,Pinus ponderosa,Calocedrus decurrens,Mid,NA,84933,85101,X,X,X,
148,312000,Yosemite NP,Yosemite NP,StudHorse N,N,N,"SR, JB",10/7/2017,0.58333333333,,,,231,9,Calocedrus decurrens,None,Upper,NA,135829,135910,X,X,X,
149,242000,Yosemite NP,Yosemite NP,StudHorse N,Y,N,"AW, JW",10/8/2017,0.64583333333,,,,71,15,Calocedrus decurrens,Quercus kelloggii,Mid,NA,152427,152458,,,,
150,243000,Yosemite NP,Yosemite NP,StudHorse N,Y,N,"AW, JW",10/25/2017,0.45833333333,,,,200,1,Pinus ponderosa,Calocedrus decurrens,Mid,NA,,,,,,
151,,,,,,,,,,,,,,,,,,,,,,,,
152,,,,,,,,,,,,,,,,,,,,,,,,
153,,,,,,,,,,,,,,,,,,,,,,,,
154,,,,,,,,,,,,,,,,,,,,,,,,
155,,,,,,,,,,,,,,,,,,,,,,,,
156,,,,,,,,,,,,,,,,,,,,,,,,
157,,,,,,,,,,,,,,,,,,,,,,,,
158,,,,,,,,,,,,,,,,,,,,,,,,
159,,,,,,,,,,,,,,,,,,,,,,,,
160,,,,,,,,,,,,,,,,,,,,,,,,
161,,,,,,,,,,,,,,,,,,,,,,,,
162,,,,,,,,,,,,,,,,,,,,,,,,
163,,,,,,,,,,,,,,,,,,,,,,,,
164,,,,,,,,,,,,,,,,,,,,,,,,
165,,,,,,,,,,,,,,,,,,,,,,,,
166,,,,,,,,,,,,,,,,,,,,,,,,
167,,,,,,,,,,,,,,,,,,,,,,,,
168,,,,,,,,,,,,,,,,,,,,,,,,
169,,,,,,,,,,,,,,,,,,,,,,,,
170,,,,,,,,,,,,,,,,,,,,,,,,
171,,,,,,,,,,,,,,,,,,,,,,,,
172,,,,,,,,,,,,,,,,,,,,,,,,
173,,,,,,,,,,,,,,,,,,,,,,,,
174,,,,,,,,,,,,,,,,,,,,,,,,
175,,,,,,,,,,,,,,,,,,,,,,,,
176,,,,,,,,,,,,,,,,,,,,,,,,
177,,,,,,,,,,,,,,,,,,,,,,,,
178,,,,,,,,,,,,,,,,,,,,,,,,
179,,,,,,,,,,,,,,,,,,,,,,,,
180,,,,,,,,,,,,,,,,,,,,,,,,
181,,,,,,,,,,,,,,,,,,,,,,,,
182,,,,,,,,,,,,,,,,,,,,,,,,
183,,,,,,,,,,,,,,,,,,,,,,,,
184,,,,,,,,,,,,,,,,,,,,,,,,
185,,,,,,,,,,,,,,,,,,,,,,,,
186,,,,,,,,,,,,,,,,,,,,,,,,
187,,,,,,,,,,,,,,,,,,,,,,,,
188,,,,,,,,,,,,,,,,,,,,,,,,
189,,,,,,,,,,,,,,,,,,,,,,,,
190,,,,,,,,,,,,,,,,,,,,,,,,
191,,,,,,,,,,,,,,,,,,,,,,,,
192,,,,,,,,,,,,,,,,,,,,,,,,
193,,,,,,,,,,,,,,,,,,,,,,,,
194,,,,,,,,,,,,,,,,,,,,,,,,
195,,,,,,,,,,,,,,,,,,,,,,,,
196,,,,,,,,,,,,,,,,,,,,,,,,
197,,,,,,,,,,,,,,,,,,,,,,,,
198,,,,,,,,,,,,,,,,,,,,,,,,
199,,,,,,,,,,,,,,,,,,,,,,,,
200,,,,,,,,,,,,,,,,,,,,,,,,
201,,,,,,,,,,,,,,,,,,,,,,,,
202,,,,,,,,,,,,,,,,,,,,,,,,
203,,,,,,,,,,,,,,,,,,,,,,,,
204,,,,,,,,,,,,,,,,,,,,,,,,
205,,,,,,,,,,,,,,,,,,,,,,,,
206,,,,,,,,,,,,,,,,,,,,,,,,
207,,,,,,,,,,,,,,,,,,,,,,,,
208,,,,,,,,,,,,,,,,,,,,,,,,
209,,,,,,,,,,,,,,,,,,,,,,,,
210,,,,,,,,,,,,,,,,,,,,,,,,
211,,,,,,,,,,,,,,,,,,,,,,,,
212,,,,,,,,,,,,,,,,,,,,,,,,
213,,,,,,,,,,,,,,,,,,,,,,,,
214,,,,,,,,,,,,,,,,,,,,,,,,
215,,,,,,,,,,,,,,,,,,,,,,,,
216,,,,,,,,,,,,,,,,,,,,,,,,
217,,,,,,,,,,,,,,,,,,,,,,,,
218,,,,,,,,,,,,,,,,,,,,,,,,
219,,,,,,,,,,,,,,,,,,,,,,,,
220,,,,,,,,,,,,,,,,,,,,,,,,
221,,,,,,,,,,,,,,,,,,,,,,,,
222,,,,,,,,,,,,,,,,,,,,,,,,
223,,,,,,,,,,,,,,,,,,,,,,,,
224,,,,,,,,,,,,,,,,,,,,,,,,
225,,,,,,,,,,,,,,,,,,,,,,,,
226,,,,,,,,,,,,,,,,,,,,,,,,
227,,,,,,,,,,,,,,,,,,,,,,,,
228,,,,,,,,,,,,,,,,,,,,,,,,
229,,,,,,,,,,,,,,,,,,,,,,,,
230,,,,,,,,,,,,,,,,,,,,,,,,
231,,,,,,,,,,,,,,,,,,,,,,,,
232,,,,,,,,,,,,,,,,,,,,,,,,
233,,,,,,,,,,,,,,,,,,,,,,,,
234,,,,,,,,,,,,,,,,,,,,,,,,
235,,,,,,,,,,,,,,,,,,,,,,,,
236,,,,,,,,,,,,,,,,,,,,,,,,
237,,,,,,,,,,,,,,,,,,,,,,,,
238,,,,,,,,,,,,,,,,,,,,,,,,
239,,,,,,,,,,,,,,,,,,,,,,,,
240,,,,,,,,,,,,,,,,,,,,,,,,
241,,,,,,,,,,,,,,,,,,,,,,,,
242,,,,,,,,,,,,,,,,,,,,,,,,
243,,,,,,,,,,,,,,,,,,,,,,,,
244,,,,,,,,,,,,,,,,,,,,,,,,
245,,,,,,,,,,,,,,,,,,,,,,,,
246,,,,,,,,,,,,,,,,,,,,,,,,
247,,,,,,,,,,,,,,,,,,,,,,,,
248,,,,,,,,,,,,,,,,,,,,,,,,
249,,,,,,,,,,,,,,,,,,,,,,,,
250,,,,,,,,,,,,,,,,,,,,,,,,
251,,,,,,,,,,,,,,,,,,,,,,,,
252,,,,,,,,,,,,,,,,,,,,,,,,
253,,,,,,,,,,,,,,,,,,,,,,,,
254,,,,,,,,,,,,,,,,,,,,,,,,
255,,,,,,,,,,,,,,,,,,,,,,,,
256,,,,,,,,,,,,,,,,,,,,,,,,
257,,,,,,,,,,,,,,,,,,,,,,,,
258,,,,,,,,,,,,,,,,,,,,,,,,
259,,,,,,,,,,,,,,,,,,,,,,,,
260,,,,,,,,,,,,,,,,,,,,,,,,
261,,,,,,,,,,,,,,,,,,,,,,,,
262,,,,,,,,,,,,,,,,,,,,,,,,
263,,,,,,,,,,,,,,,,,,,,,,,,
264,,,,,,,,,,,,,,,,,,,,,,,,
265,,,,,,,,,,,,,,,,,,,,,,,,
266,,,,,,,,,,,,,,,,,,,,,,,,
267,,,,,,,,,,,,,,,,,,,,,,,,
268,,,,,,,,,,,,,,,,,,,,,,,,
269,,,,,,,,,,,,,,,,,,,,,,,,
270,,,,,,,,,,,,,,,,,,,,,,,,
271,,,,,,,,,,,,,,,,,,,,,,,,
272,,,,,,,,,,,,,,,,,,,,,,,,
273,,,,,,,,,,,,,,,,,,,,,,,,
274,,,,,,,,,,,,,,,,,,,,,,,,
275,,,,,,,,,,,,,,,,,,,,,,,,
276,,,,,,,,,,,,,,,,,,,,,,,,
277,,,,,,,,,,,,,,,,,,,,,,,,
278,,,,,,,,,,,,,,,,,,,,,,,,
279,,,,,,,,,,,,,,,,,,,,,,,,
280,,,,,,,,,,,,,,,,,,,,,,,,
281,,,,,,,,,,,,,,,,,,,,,,,,
282,,,,,,,,,,,,,,,,,,,,,,,,
283,,,,,,,,,,,,,,,,,,,,,,,,
284,,,,,,,,,,,,,,,,,,,,,,,,
285,,,,,,,,,,,,,,,,,,,,,,,,
286,,,,,,,,,,,,,,,,,,,,,,,,
287,,,,,,,,,,,,,,,,,,,,,,,,
288,,,,,,,,,,,,,,,,,,,,,,,,
289,,,,,,,,,,,,,,,,,,,,,,,,
290,,,,,,,,,,,,,,,,,,,,,,,,
291,,,,,,,,,,,,,,,,,,,,,,,,
292,,,,,,,,,,,,,,,,,,,,,,,,
293,,,,,,,,,,,,,,,,,,,,,,,,
294,,,,,,,,,,,,,,,,,,,,,,,,
295,,,,,,,,,,,,,,,,,,,,,,,,
296,,,,,,,,,,,,,,,,,,,,,,,,
297,,,,,,,,,,,,,,,,,,,,,,,,
298,,,,,,,,,,,,,,,,,,,,,,,,
299,,,,,,,,,,,,,,,,,,,,,,,,
300,,,,,,,,,,,,,,,,,,,,,,,,
301,,,,,,,,,,,,,,,,,,,,,,,,
302,,,,,,,,,,,,,,,,,,,,,,,,
303,,,,,,,,,,,,,,,,,,,,,,,,
304,,,,,,,,,,,,,,,,,,,,,,,,
305,,,,,,,,,,,,,,,,,,,,,,,,
306,,,,,,,,,,,,,,,,,,,,,,,,
307,,,,,,,,,,,,,,,,,,,,,,,,
308,,,,,,,,,,,,,,,,,,,,,,,,
309,,,,,,,,,,,,,,,,,,,,,,,,
310,,,,,,,,,,,,,,,,,,,,,,,,
311,,,,,,,,,,,,,,,,,,,,,,,,
312,,,,,,,,,,,,,,,,,,,,,,,,
313,,,,,,,,,,,,,,,,,,,,,,,,
314,,,,,,,,,,,,,,,,,,,,,,,,
315,,,,,,,,,,,,,,,,,,,,,,,,
316,,,,,,,,,,,,,,,,,,,,,,,,
317,,,,,,,,,,,,,,,,,,,,,,,,
318,,,,,,,,,,,,,,,,,,,,,,,,
319,,,,,,,,,,,,,,,,,,,,,,,,
320,,,,,,,,,,,,,,,,,,,,,,,,
321,,,,,,,,,,,,,,,,,,,,,,,,
322,,,,,,,,,,,,,,,,,,,,,,,,
323,,,,,,,,,,,,,,,,,,,,,,,,
324,,,,,,,,,,,,,,,,,,,,,,,,
325,,,,,,,,,,,,,,,,,,,,,,,,
326,,,,,,,,,,,,,,,,,,,,,,,,
327,,,,,,,,,,,,,,,,,,,,,,,,
328,,,,,,,,,,,,,,,,,,,,,,,,
329,,,,,,,,,,,,,,,,,,,,,,,,
330,,,,,,,,,,,,,,,,,,,,,,,,
331,,,,,,,,,,,,,,,,,,,,,,,,
332,,,,,,,,,,,,,,,,,,,,,,,,
333,,,,,,,,,,,,,,,,,,,,,,,,
334,,,,,,,,,,,,,,,,,,,,,,,,
335,,,,,,,,,,,,,,,,,,,,,,,,
336,,,,,,,,,,,,,,,,,,,,,,,,
337,,,,,,,,,,,,,,,,,,,,,,,,
338,,,,,,,,,,,,,,,,,,,,,,,,
339,,,,,,,,,,,,,,,,,,,,,,,,
340,,,,,,,,,,,,,,,,,,,,,,,,
341,,,,,,,,,,,,,,,,,,,,,,,,
342,,,,,,,,,,,,,,,,,,,,,,,,
343,,,,,,,,,,,,,,,,,,,,,,,,
344,,,,,,,,,,,,,,,,,,,,,,,,
345,,,,,,,,,,,,,,,,,,,,,,,,
346,,,,,,,,,,,,,,,,,,,,,,,,
347,,,,,,,,,,,,,,,,,,,,,,,,
348,,,,,,,,,,,,,,,,,,,,,,,,
349,,,,,,,,,,,,,,,,,,,,,,,,
350,,,,,,,,,,,,,,,,,,,,,,,,
351,,,,,,,,,,,,,,,,,,,,,,,,
352,,,,,,,,,,,,,,,,,,,,,,,,
353,,,,,,,,,,,,,,,,,,,,,,,,
354,,,,,,,,,,,,,,,,,,,,,,,,
355,,,,,,,,,,,,,,,,,,,,,,,,
356,,,,,,,,,,,,,,,,,,,,,,,,
357,,,,,,,,,,,,,,,,,,,,,,,,
358,,,,,,,,,,,,,,,,,,,,,,,,
359,,,,,,,,,,,,,,,,,,,,,,,,
360,,,,,,,,,,,,,,,,,,,,,,,,
361,,,,,,,,,,,,,,,,,,,,,,,,
362,,,,,,,,,,,,,,,,,,,,,,,,
363,,,,,,,,,,,,,,,,,,,,,,,,
364,,,,,,,,,,,,,,,,,,,,,,,,
365,,,,,,,,,,,,,,,,,,,,,,,,
366,,,,,,,,,,,,,,,,,,,,,,,,
367,,,,,,,,,,,,,,,,,,,,,,,,
368,,,,,,,,,,,,,,,,,,,,,,,,
369,,,,,,,,,,,,,,,,,,,,,,,,
370,,,,,,,,,,,,,,,,,,,,,,,,
371,,,,,,,,,,,,,,,,,,,,,,,,
372,,,,,,,,,,,,,,,,,,,,,,,,
373,,,,,,,,,,,,,,,,,,,,,,,,
374,,,,,,,,,,,,,,,,,,,,,,,,
375,,,,,,,,,,,,,,,,,,,,,,,,
376,,,,,,,,,,,,,,,,,,,,,,,,
377,,,,,,,,,,,,,,,,,,,,,,,,
378,,,,,,,,,,,,,,,,,,,,,,,,
379,,,,,,,,,,,,,,,,,,,,,,,,
380,,,,,,,,,,,,,,,,,,,,,,,,
381,,,,,,,,,,,,,,,,,,,,,,,,
382,,,,,,,,,,,,,,,,,,,,,,,,
383,,,,,,,,,,,,,,,,,,,,,,,,
384,,,,,,,,,,,,,,,,,,,,,,,,
385,,,,,,,,,,,,,,,,,,,,,,,,
386,,,,,,,,,,,,,,,,,,,,,,,,
387,,,,,,,,,,,,,,,,,,,,,,,,
388,,,,,,,,,,,,,,,,,,,,,,,,
389,,,,,,,,,,,,,,,,,,,,,,,,
390,,,,,,,,,,,,,,,,,,,,,,,,
391,,,,,,,,,,,,,,,,,,,,,,,,
392,,,,,,,,,,,,,,,,,,,,,,,,
393,,,,,,,,,,,,,,,,,,,,,,,,
394,,,,,,,,,,,,,,,,,,,,,,,,
395,,,,,,,,,,,,,,,,,,,,,,,,
396,,,,,,,,,,,,,,,,,,,,,,,,
397,,,,,,,,,,,,,,,,,,,,,,,,
398,,,,,,,,,,,,,,,,,,,,,,,,
399,,,,,,,,,,,,,,,,,,,,,,,,
400,,,,,,,,,,,,,,,,,,,,,,,,
401,,,,,,,,,,,,,,,,,,,,,,,,
402,,,,,,,,,,,,,,,,,,,,,,,,
403,,,,,,,,,,,,,,,,,,,,,,,,
404,,,,,,,,,,,,,,,,,,,,,,,,
405,,,,,,,,,,,,,,,,,,,,,,,,
406,,,,,,,,,,,,,,,,,,,,,,,,
407,,,,,,,,,,,,,,,,,,,,,,,,
408,,,,,,,,,,,,,,,,,,,,,,,,
409,,,,,,,,,,,,,,,,,,,,,,,,
410,,,,,,,,,,,,,,,,,,,,,,,,
411,,,,,,,,,,,,,,,,,,,,,,,,
412,,,,,,,,,,,,,,,,,,,,,,,,
413,,,,,,,,,,,,,,,,,,,,,,,,
414,,,,,,,,,,,,,,,,,,,,,,,,
415,,,,,,,,,,,,,,,,,,,,,,,,
416,,,,,,,,,,,,,,,,,,,,,,,,
417,,,,,,,,,,,,,,,,,,,,,,,,
418,,,,,,,,,,,,,,,,,,,,,,,,
419,,,,,,,,,,,,,,,,,,,,,,,,
420,,,,,,,,,,,,,,,,,,,,,,,,
421,,,,,,,,,,,,,,,,,,,,,,,,
422,,,,,,,,,,,,,,,,,,,,,,,,
423,,,,,,,,,,,,,,,,,,,,,,,,
424,,,,,,,,,,,,,,,,,,,,,,,,
425,,,,,,,,,,,,,,,,,,,,,,,,
426,,,,,,,,,,,,,,,,,,,,,,,,
427,,,,,,,,,,,,,,,,,,,,,,,,
428,,,,,,,,,,,,,,,,,,,,,,,,
429,,,,,,,,,,,,,,,,,,,,,,,,
430,,,,,,,,,,,,,,,,,,,,,,,,
431,,,,,,,,,,,,,,,,,,,,,,,,
432,,,,,,,,,,,,,,,,,,,,,,,,
433,,,,,,,,,,,,,,,,,,,,,,,,
434,,,,,,,,,,,,,,,,,,,,,,,,
435,,,,,,,,,,,,,,,,,,,,,,,,
436,,,,,,,,,,,,,,,,,,,,,,,,
437,,,,,,,,,,,,,,,,,,,,,,,,
438,,,,,,,,,,,,,,,,,,,,,,,,
439,,,,,,,,,,,,,,,,,,,,,,,,
440,,,,,,,,,,,,,,,,,,,,,,,,
441,,,,,,,,,,,,,,,,,,,,,,,,
442,,,,,,,,,,,,,,,,,,,,,,,,
443,,,,,,,,,,,,,,,,,,,,,,,,
444,,,,,,,,,,,,,,,,,,,,,,,,
445,,,,,,,,,,,,,,,,,,,,,,,,
446,,,,,,,,,,,,,,,,,,,,,,,,
447,,,,,,,,,,,,,,,,,,,,,,,,
448,,,,,,,,,,,,,,,,,,,,,,,,
449,,,,,,,,,,,,,,,,,,,,,,,,
450,,,,,,,,,,,,,,,,,,,,,,,,
451,,,,,,,,,,,,,,,,,,,,,,,,
452,,,,,,,,,,,,,,,,,,,,,,,,
453,,,,,,,,,,,,,,,,,,,,,,,,
454,,,,,,,,,,,,,,,,,,,,,,,,
455,,,,,,,,,,,,,,,,,,,,,,,,
456,,,,,,,,,,,,,,,,,,,,,,,,
457,,,,,,,,,,,,,,,,,,,,,,,,
458,,,,,,,,,,,,,,,,,,,,,,,,
459,,,,,,,,,,,,,,,,,,,,,,,,
460,,,,,,,,,,,,,,,,,,,,,,,,
461,,,,,,,,,,,,,,,,,,,,,,,,
462,,,,,,,,,,,,,,,,,,,,,,,,
463,,,,,,,,,,,,,,,,,,,,,,,,
464,,,,,,,,,,,,,,,,,,,,,,,,
465,,,,,,,,,,,,,,,,,,,,,,,,
466,,,,,,,,,,,,,,,,,,,,,,,,
467,,,,,,,,,,,,,,,,,,,,,,,,
468,,,,,,,,,,,,,,,,,,,,,,,,
469,,,,,,,,,,,,,,,,,,,,,,,,
470,,,,,,,,,,,,,,,,,,,,,,,,
471,,,,,,,,,,,,,,,,,,,,,,,,
472,,,,,,,,,,,,,,,,,,,,,,,,
473,,,,,,,,,,,,,,,,,,,,,,,,
474,,,,,,,,,,,,,,,,,,,,,,,,
475,,,,,,,,,,,,,,,,,,,,,,,,
476,,,,,,,,,,,,,,,,,,,,,,,,
477,,,,,,,,,,,,,,,,,,,,,,,,
478,,,,,,,,,,,,,,,,,,,,,,,,
479,,,,,,,,,,,,,,,,,,,,,,,,
480,,,,,,,,,,,,,,,,,,,,,,,,
481,,,,,,,,,,,,,,,,,,,,,,,,
482,,,,,,,,,,,,,,,,,,,,,,,,
483,,,,,,,,,,,,,,,,,,,,,,,,
484,,,,,,,,,,,,,,,,,,,,,,,,
485,,,,,,,,,,,,,,,,,,,,,,,,
486,,,,,,,,,,,,,,,,,,,,,,,,
487,,,,,,,,,,,,,,,,,,,,,,,,
488,,,,,,,,,,,,,,,,,,,,,,,,
489,,,,,,,,,,,,,,,,,,,,,,,,
490,,,,,,,,,,,,,,,,,,,,,,,,
491,,,,,,,,,,,,,,,,,,,,,,,,
492,,,,,,,,,,,,,,,,,,,,,,,,
493,,,,,,,,,,,,,,,,,,,,,,,,
494,,,,,,,,,,,,,,,,,,,,,,,,
495,,,,,,,,,,,,,,,,,,,,,,,,
496,,,,,,,,,,,,,,,,,,,,,,,,
497,,,,,,,,,,,,,,,,,,,,,,,,
498,,,,,,,,,,,,,,,,,,,,,,,,
499,,,,,,,,,,,,,,,,,,,,,,,,
500,,,,,,,,,,,,,,,,,,,,,,,,
501,,,,,,,,,,,,,,,,,,,,,,,,
502,,,,,,,,,,,,,,,,,,,,,,,,
503,,,,,,,,,,,,,,,,,,,,,,,,
504,,,,,,,,,,,,,,,,,,,,,,,,
505,,,,,,,,,,,,,,,,,,,,,,,,
506,,,,,,,,,,,,,,,,,,,,,,,,
507,,,,,,,,,,,,,,,,,,,,,,,,
508,,,,,,,,,,,,,,,,,,,,,,,,
509,,,,,,,,,,,,,,,,,,,,,,,,
510,,,,,,,,,,,,,,,,,,,,,,,,
511,,,,,,,,,,,,,,,,,,,,,,,,
512,,,,,,,,,,,,,,,,,,,,,,,,
513,,,,,,,,,,,,,,,,,,,,,,,,
514,,,,,,,,,,,,,,,,,,,,,,,,
515,,,,,,,,,,,,,,,,,,,,,,,,
516,,,,,,,,,,,,,,,,,,,,,,,,
517,,,,,,,,,,,,,,,,,,,,,,,,
518,,,,,,,,,,,,,,,,,,,,,,,,
519,,,,,,,,,,,,,,,,,,,,,,,,
520,,,,,,,,,,,,,,,,,,,,,,,,
521,,,,,,,,,,,,,,,,,,,,,,,,
522,,,,,,,,,,,,,,,,,,,,,,,,
523,,,,,,,,,,,,,,,,,,,,,,,,
524,,,,,,,,,,,,,,,,,,,,,,,,
525,,,,,,,,,,,,,,,,,,,,,,,,
526,,,,,,,,,,,,,,,,,,,,,,,,
527,,,,,,,,,,,,,,,,,,,,,,,,
528,,,,,,,,,,,,,,,,,,,,,,,,
529,,,,,,,,,,,,,,,,,,,,,,,,
530,,,,,,,,,,,,,,,,,,,,,,,,
531,,,,,,,,,,,,,,,,,,,,,,,,
532,,,,,,,,,,,,,,,,,,,,,,,,
533,,,,,,,,,,,,,,,,,,,,,,,,
534,,,,,,,,,,,,,,,,,,,,,,,,
535,,,,,,,,,,,,,,,,,,,,,,,,
536,,,,,,,,,,,,,,,,,,,,,,,,
537,,,,,,,,,,,,,,,,,,,,,,,,
538,,,,,,,,,,,,,,,,,,,,,,,,
539,,,,,,,,,,,,,,,,,,,,,,,,
540,,,,,,,,,,,,,,,,,,,,,,,,
541,,,,,,,,,,,,,,,,,,,,,,,,
542,,,,,,,,,,,,,,,,,,,,,,,,
543,,,,,,,,,,,,,,,,,,,,,,,,
544,,,,,,,,,,,,,,,,,,,,,,,,
545,,,,,,,,,,,,,,,,,,,,,,,,
546,,,,,,,,,,,,,,,,,,,,,,,,
547,,,,,,,,,,,,,,,,,,,,,,,,
548,,,,,,,,,,,,,,,,,,,,,,,,
549,,,,,,,,,,,,,,,,,,,,,,,,
550,,,,,,,,,,,,,,,,,,,,,,,,
551,,,,,,,,,,,,,,,,,,,,,,,,
552,,,,,,,,,,,,,,,,,,,,,,,,
553,,,,,,,,,,,,,,,,,,,,,,,,
554,,,,,,,,,,,,,,,,,,,,,,,,
555,,,,,,,,,,,,,,,,,,,,,,,,
556,,,,,,,,,,,,,,,,,,,,,,,,
557,,,,,,,,,,,,,,,,,,,,,,,,
558,,,,,,,,,,,,,,,,,,,,,,,,
559,,,,,,,,,,,,,,,,,,,,,,,,
560,,,,,,,,,,,,,,,,,,,,,,,,
561,,,,,,,,,,,,,,,,,,,,,,,,
562,,,,,,,,,,,,,,,,,,,,,,,,
563,,,,,,,,,,,,,,,,,,,,,,,,
564,,,,,,,,,,,,,,,,,,,,,,,,
565,,,,,,,,,,,,,,,,,,,,,,,,
566,,,,,,,,,,,,,,,,,,,,,,,,
567,,,,,,,,,,,,,,,,,,,,,,,,
568,,,,,,,,,,,,,,,,,,,,,,,,
569,,,,,,,,,,,,,,,,,,,,,,,,
570,,,,,,,,,,,,,,,,,,,,,,,,
571,,,,,,,,,,,,,,,,,,,,,,,,
572,,,,,,,,,,,,,,,,,,,,,,,,
573,,,,,,,,,,,,,,,,,,,,,,,,
574,,,,,,,,,,,,,,,,,,,,,,,,
575,,,,,,,,,,,,,,,,,,,,,,,,
576,,,,,,,,,,,,,,,,,,,,,,,,
577,,,,,,,,,,,,,,,,,,,,,,,,
578,,,,,,,,,,,,,,,,,,,,,,,,
579,,,,,,,,,,,,,,,,,,,,,,,,
580,,,,,,,,,,,,,,,,,,,,,,,,
581,,,,,,,,,,,,,,,,,,,,,,,,
582,,,,,,,,,,,,,,,,,,,,,,,,
583,,,,,,,,,,,,,,,,,,,,,,,,
584,,,,,,,,,,,,,,,,,,,,,,,,
585,,,,,,,,,,,,,,,,,,,,,,,,
586,,,,,,,,,,,,,,,,,,,,,,,,
587,,,,,,,,,,,,,,,,,,,,,,,,
588,,,,,,,,,,,,,,,,,,,,,,,,
589,,,,,,,,,,,,,,,,,,,,,,,,
590,,,,,,,,,,,,,,,,,,,,,,,,
591,,,,,,,,,,,,,,,,,,,,,,,,
592,,,,,,,,,,,,,,,,,,,,,,,,
593,,,,,,,,,,,,,,,,,,,,,,,,
594,,,,,,,,,,,,,,,,,,,,,,,,
595,,,,,,,,,,,,,,,,,,,,,,,,
596,,,,,,,,,,,,,,,,,,,,,,,,
597,,,,,,,,,,,,,,,,,,,,,,,,
598,,,,,,,,,,,,,,,,,,,,,,,,
599,,,,,,,,,,,,,,,,,,,,,,,,
600,,,,,,,,,,,,,,,,,,,,,,,,
601,,,,,,,,,,,,,,,,,,,,,,,,
602,,,,,,,,,,,,,,,,,,,,,,,,
603,,,,,,,,,,,,,,,,,,,,,,,,
604,,,,,,,,,,,,,,,,,,,,,,,,
605,,,,,,,,,,,,,,,,,,,,,,,,
606,,,,,,,,,,,,,,,,,,,,,,,,
607,,,,,,,,,,,,,,,,,,,,,,,,
608,,,,,,,,,,,,,,,,,,,,,,,,
609,,,,,,,,,,,,,,,,,,,,,,,,
610,,,,,,,,,,,,,,,,,,,,,,,,
611,,,,,,,,,,,,,,,,,,,,,,,,
612,,,,,,,,,,,,,,,,,,,,,,,,
613,,,,,,,,,,,,,,,,,,,,,,,,
614,,,,,,,,,,,,,,,,,,,,,,,,
615,,,,,,,,,,,,,,,,,,,,,,,,
616,,,,,,,,,,,,,,,,,,,,,,,,
617,,,,,,,,,,,,,,,,,,,,,,,,
618,,,,,,,,,,,,,,,,,,,,,,,,
619,,,,,,,,,,,,,,,,,,,,,,,,
620,,,,,,,,,,,,,,,,,,,,,,,,
621,,,,,,,,,,,,,,,,,,,,,,,,
622,,,,,,,,,,,,,,,,,,,,,,,,
623,,,,,,,,,,,,,,,,,,,,,,,,
624,,,,,,,,,,,,,,,,,,,,,,,,
625,,,,,,,,,,,,,,,,,,,,,,,,
626,,,,,,,,,,,,,,,,,,,,,,,,
627,,,,,,,,,,,,,,,,,,,,,,,,
628,,,,,,,,,,,,,,,,,,,,,,,,
629,,,,,,,,,,,,,,,,,,,,,,,,
630,,,,,,,,,,,,,,,,,,,,,,,,
631,,,,,,,,,,,,,,,,,,,,,,,,
632,,,,,,,,,,,,,,,,,,,,,,,,
633,,,,,,,,,,,,,,,,,,,,,,,,
634,,,,,,,,,,,,,,,,,,,,,,,,
635,,,,,,,,,,,,,,,,,,,,,,,,
636,,,,,,,,,,,,,,,,,,,,,,,,
637,,,,,,,,,,,,,,,,,,,,,,,,
638,,,,,,,,,,,,,,,,,,,,,,,,
639,,,,,,,,,,,,,,,,,,,,,,,,
640,,,,,,,,,,,,,,,,,,,,,,,,
641,,,,,,,,,,,,,,,,,,,,,,,,
642,,,,,,,,,,,,,,,,,,,,,,,,
643,,,,,,,,,,,,,,,,,,,,,,,,
644,,,,,,,,,,,,,,,,,,,,,,,,
645,,,,,,,,,,,,,,,,,,,,,,,,
646,,,,,,,,,,,,,,,,,,,,,,,,
647,,,,,,,,,,,,,,,,,,,,,,,,
648,,,,,,,,,,,,,,,,,,,,,,,,
649,,,,,,,,,,,,,,,,,,,,,,,,
650,,,,,,,,,,,,,,,,,,,,,,,,
651,,,,,,,,,,,,,,,,,,,,,,,,
652,,,,,,,,,,,,,,,,,,,,,,,,
653,,,,,,,,,,,,,,,,,,,,,,,,
654,,,,,,,,,,,,,,,,,,,,,,,,
655,,,,,,,,,,,,,,,,,,,,,,,,
656,,,,,,,,,,,,,,,,,,,,,,,,
657,,,,,,,,,,,,,,,,,,,,,,,,
658,,,,,,,,,,,,,,,,,,,,,,,,
659,,,,,,,,,,,,,,,,,,,,,,,,
660,,,,,,,,,,,,,,,,,,,,,,,,
661,,,,,,,,,,,,,,,,,,,,,,,,
662,,,,,,,,,,,,,,,,,,,,,,,,
663,,,,,,,,,,,,,,,,,,,,,,,,
664,,,,,,,,,,,,,,,,,,,,,,,,
665,,,,,,,,,,,,,,,,,,,,,,,,
666,,,,,,,,,,,,,,,,,,,,,,,,
667,,,,,,,,,,,,,,,,,,,,,,,,
668,,,,,,,,,,,,,,,,,,,,,,,,
669,,,,,,,,,,,,,,,,,,,,,,,,
670,,,,,,,,,,,,,,,,,,,,,,,,
671,,,,,,,,,,,,,,,,,,,,,,,,
672,,,,,,,,,,,,,,,,,,,,,,,,
673,,,,,,,,,,,,,,,,,,,,,,,,
674,,,,,,,,,,,,,,,,,,,,,,,,
675,,,,,,,,,,,,,,,,,,,,,,,,
676,,,,,,,,,,,,,,,,,,,,,,,,
677,,,,,,,,,,,,,,,,,,,,,,,,
678,,,,,,,,,,,,,,,,,,,,,,,,
679,,,,,,,,,,,,,,,,,,,,,,,,
680,,,,,,,,,,,,,,,,,,,,,,,,
681,,,,,,,,,,,,,,,,,,,,,,,,
682,,,,,,,,,,,,,,,,,,,,,,,,
683,,,,,,,,,,,,,,,,,,,,,,,,
684,,,,,,,,,,,,,,,,,,,,,,,,
685,,,,,,,,,,,,,,,,,,,,,,,,
686,,,,,,,,,,,,,,,,,,,,,,,,
687,,,,,,,,,,,,,,,,,,,,,,,,
688,,,,,,,,,,,,,,,,,,,,,,,,
689,,,,,,,,,,,,,,,,,,,,,,,,
690,,,,,,,,,,,,,,,,,,,,,,,,
691,,,,,,,,,,,,,,,,,,,,,,,,
692,,,,,,,,,,,,,,,,,,,,,,,,
693,,,,,,,,,,,,,,,,,,,,,,,,
694,,,,,,,,,,,,,,,,,,,,,,,,
695,,,,,,,,,,,,,,,,,,,,,,,,
696,,,,,,,,,,,,,,,,,,,,,,,,
697,,,,,,,,,,,,,,,,,,,,,,,,
698,,,,,,,,,,,,,,,,,,,,,,,,
699,,,,,,,,,,,,,,,,,,,,,,,,
700,,,,,,,,,,,,,,,,,,,,,,,,
701,,,,,,,,,,,,,,,,,,,,,,,,
702,,,,,,,,,,,,,,,,,,,,,,,,
703,,,,,,,,,,,,,,,,,,,,,,,,
704,,,,,,,,,,,,,,,,,,,,,,,,
705,,,,,,,,,,,,,,,,,,,,,,,,
706,,,,,,,,,,,,,,,,,,,,,,,,
707,,,,,,,,,,,,,,,,,,,,,,,,
708,,,,,,,,,,,,,,,,,,,,,,,,
709,,,,,,,,,,,,,,,,,,,,,,,,
710,,,,,,,,,,,,,,,,,,,,,,,,
711,,,,,,,,,,,,,,,,,,,,,,,,
712,,,,,,,,,,,,,,,,,,,,,,,,
713,,,,,,,,,,,,,,,,,,,,,,,,
714,,,,,,,,,,,,,,,,,,,,,,,,
715,,,,,,,,,,,,,,,,,,,,,,,,
716,,,,,,,,,,,,,,,,,,,,,,,,
717,,,,,,,,,,,,,,,,,,,,,,,,
718,,,,,,,,,,,,,,,,,,,,,,,,
719,,,,,,,,,,,,,,,,,,,,,,,,
720,,,,,,,,,,,,,,,,,,,,,,,,
721,,,,,,,,,,,,,,,,,,,,,,,,
722,,,,,,,,,,,,,,,,,,,,,,,,
723,,,,,,,,,,,,,,,,,,,,,,,,
724,,,,,,,,,,,,,,,,,,,,,,,,
725,,,,,,,,,,,,,,,,,,,,,,,,
726,,,,,,,,,,,,,,,,,,,,,,,,
727,,,,,,,,,,,,,,,,,,,,,,,,
728,,,,,,,,,,,,,,,,,,,,,,,,
729,,,,,,,,,,,,,,,,,,,,,,,,
730,,,,,,,,,,,,,,,,,,,,,,,,
731,,,,,,,,,,,,,,,,,,,,,,,,
732,,,,,,,,,,,,,,,,,,,,,,,,
733,,,,,,,,,,,,,,,,,,,,,,,,
734,,,,,,,,,,,,,,,,,,,,,,,,
735,,,,,,,,,,,,,,,,,,,,,,,,
736,,,,,,,,,,,,,,,,,,,,,,,,
737,,,,,,,,,,,,,,,,,,,,,,,,
738,,,,,,,,,,,,,,,,,,,,,,,,
739,,,,,,,,,,,,,,,,,,,,,,,,
740,,,,,,,,,,,,,,,,,,,,,,,,
741,,,,,,,,,,,,,,,,,,,,,,,,
742,,,,,,,,,,,,,,,,,,,,,,,,
743,,,,,,,,,,,,,,,,,,,,,,,,
744,,,,,,,,,,,,,,,,,,,,,,,,
745,,,,,,,,,,,,,,,,,,,,,,,,
746,,,,,,,,,,,,,,,,,,,,,,,,
747,,,,,,,,,,,,,,,,,,,,,,,,
748,,,,,,,,,,,,,,,,,,,,,,,,
749,,,,,,,,,,,,,,,,,,,,,,,,
750,,,,,,,,,,,,,,,,,,,,,,,,
751,,,,,,,,,,,,,,,,,,,,,,,,
752,,,,,,,,,,,,,,,,,,,,,,,,
753,,,,,,,,,,,,,,,,,,,,,,,,
754,,,,,,,,,,,,,,,,,,,,,,,,
755,,,,,,,,,,,,,,,,,,,,,,,,
756,,,,,,,,,,,,,,,,,,,,,,,,
757,,,,,,,,,,,,,,,,,,,,,,,,
758,,,,,,,,,,,,,,,,,,,,,,,,
759,,,,,,,,,,,,,,,,,,,,,,,,
760,,,,,,,,,,,,,,,,,,,,,,,,
761,,,,,,,,,,,,,,,,,,,,,,,,
762,,,,,,,,,,,,,,,,,,,,,,,,
763,,,,,,,,,,,,,,,,,,,,,,,,
764,,,,,,,,,,,,,,,,,,,,,,,,
765,,,,,,,,,,,,,,,,,,,,,,,,
766,,,,,,,,,,,,,,,,,,,,,,,,
767,,,,,,,,,,,,,,,,,,,,,,,,
768,,,,,,,,,,,,,,,,,,,,,,,,
769,,,,,,,,,,,,,,,,,,,,,,,,
770,,,,,,,,,,,,,,,,,,,,,,,,
771,,,,,,,,,,,,,,,,,,,,,,,,
772,,,,,,,,,,,,,,,,,,,,,,,,
773,,,,,,,,,,,,,,,,,,,,,,,,
774,,,,,,,,,,,,,,,,,,,,,,,,
775,,,,,,,,,,,,,,,,,,,,,,,,
776,,,,,,,,,,,,,,,,,,,,,,,,
777,,,,,,,,,,,,,,,,,,,,,,,,
778,,,,,,,,,,,,,,,,,,,,,,,,
779,,,,,,,,,,,,,,,,,,,,,,,,
780,,,,,,,,,,,,,,,,,,,,,,,,
781,,,,,,,,,,,,,,,,,,,,,,,,
782,,,,,,,,,,,,,,,,,,,,,,,,
783,,,,,,,,,,,,,,,,,,,,,,,,
784,,,,,,,,,,,,,,,,,,,,,,,,
785,,,,,,,,,,,,,,,,,,,,,,,,
786,,,,,,,,,,,,,,,,,,,,,,,,
787,,,,,,,,,,,,,,,,,,,,,,,,
788,,,,,,,,,,,,,,,,,,,,,,,,
789,,,,,,,,,,,,,,,,,,,,,,,,
790,,,,,,,,,,,,,,,,,,,,,,,,
791,,,,,,,,,,,,,,,,,,,,,,,,
792,,,,,,,,,,,,,,,,,,,,,,,,
793,,,,,,,,,,,,,,,,,,,,,,,,
794,,,,,,,,,,,,,,,,,,,,,,,,
795,,,,,,,,,,,,,,,,,,,,,,,,
796,,,,,,,,,,,,,,,,,,,,,,,,
797,,,,,,,,,,,,,,,,,,,,,,,,
798,,,,,,,,,,,,,,,,,,,,,,,,
799,,,,,,,,,,,,,,,,,,,,,,,,
800,,,,,,,,,,,,,,,,,,,,,,,,
801,,,,,,,,,,,,,,,,,,,,,,,,
802,,,,,,,,,,,,,,,,,,,,,,,,
803,,,,,,,,,,,,,,,,,,,,,,,,
804,,,,,,,,,,,,,,,,,,,,,,,,
805,,,,,,,,,,,,,,,,,,,,,,,,
806,,,,,,,,,,,,,,,,,,,,,,,,
807,,,,,,,,,,,,,,,,,,,,,,,,
808,,,,,,,,,,,,,,,,,,,,,,,,
809,,,,,,,,,,,,,,,,,,,,,,,,
810,,,,,,,,,,,,,,,,,,,,,,,,
811,,,,,,,,,,,,,,,,,,,,,,,,
812,,,,,,,,,,,,,,,,,,,,,,,,
813,,,,,,,,,,,,,,,,,,,,,,,,
814,,,,,,,,,,,,,,,,,,,,,,,,
815,,,,,,,,,,,,,,,,,,,,,,,,
816,,,,,,,,,,,,,,,,,,,,,,,,
817,,,,,,,,,,,,,,,,,,,,,,,,
818,,,,,,,,,,,,,,,,,,,,,,,,
819,,,,,,,,,,,,,,,,,,,,,,,,
820,,,,,,,,,,,,,,,,,,,,,,,,
821,,,,,,,,,,,,,,,,,,,,,,,,
822,,,,,,,,,,,,,,,,,,,,,,,,
823,,,,,,,,,,,,,,,,,,,,,,,,
824,,,,,,,,,,,,,,,,,,,,,,,,
825,,,,,,,,,,,,,,,,,,,,,,,,
826,,,,,,,,,,,,,,,,,,,,,,,,
827,,,,,,,,,,,,,,,,,,,,,,,,
828,,,,,,,,,,,,,,,,,,,,,,,,
829,,,,,,,,,,,,,,,,,,,,,,,,
830,,,,,,,,,,,,,,,,,,,,,,,,
831,,,,,,,,,,,,,,,,,,,,,,,,
832,,,,,,,,,,,,,,,,,,,,,,,,
833,,,,,,,,,,,,,,,,,,,,,,,,
834,,,,,,,,,,,,,,,,,,,,,,,,
835,,,,,,,,,,,,,,,,,,,,,,,,
836,,,,,,,,,,,,,,,,,,,,,,,,
837,,,,,,,,,,,,,,,,,,,,,,,,
838,,,,,,,,,,,,,,,,,,,,,,,,
839,,,,,,,,,,,,,,,,,,,,,,,,
840,,,,,,,,,,,,,,,,,,,,,,,,
841,,,,,,,,,,,,,,,,,,,,,,,,
842,,,,,,,,,,,,,,,,,,,,,,,,
843,,,,,,,,,,,,,,,,,,,,,,,,
844,,,,,,,,,,,,,,,,,,,,,,,,
845,,,,,,,,,,,,,,,,,,,,,,,,
846,,,,,,,,,,,,,,,,,,,,,,,,
847,,,,,,,,,,,,,,,,,,,,,,,,
848,,,,,,,,,,,,,,,,,,,,,,,,
849,,,,,,,,,,,,,,,,,,,,,,,,
850,,,,,,,,,,,,,,,,,,,,,,,,
851,,,,,,,,,,,,,,,,,,,,,,,,
852,,,,,,,,,,,,,,,,,,,,,,,,
853,,,,,,,,,,,,,,,,,,,,,,,,
854,,,,,,,,,,,,,,,,,,,,,,,,
855,,,,,,,,,,,,,,,,,,,,,,,,
856,,,,,,,,,,,,,,,,,,,,,,,,
857,,,,,,,,,,,,,,,,,,,,,,,,
858,,,,,,,,,,,,,,,,,,,,,,,,
859,,,,,,,,,,,,,,,,,,,,,,,,
860,,,,,,,,,,,,,,,,,,,,,,,,
861,,,,,,,,,,,,,,,,,,,,,,,,
862,,,,,,,,,,,,,,,,,,,,,,,,
863,,,,,,,,,,,,,,,,,,,,,,,,
864,,,,,,,,,,,,,,,,,,,,,,,,
865,,,,,,,,,,,,,,,,,,,,,,,,
866,,,,,,,,,,,,,,,,,,,,,,,,
867,,,,,,,,,,,,,,,,,,,,,,,,
868,,,,,,,,,,,,,,,,,,,,,,,,
869,,,,,,,,,,,,,,,,,,,,,,,,
870,,,,,,,,,,,,,,,,,,,,,,,,
871,,,,,,,,,,,,,,,,,,,,,,,,
872,,,,,,,,,,,,,,,,,,,,,,,,
873,,,,,,,,,,,,,,,,,,,,,,,,
874,,,,,,,,,,,,,,,,,,,,,,,,
875,,,,,,,,,,,,,,,,,,,,,,,,
876,,,,,,,,,,,,,,,,,,,,,,,,
877,,,,,,,,,,,,,,,,,,,,,,,,
878,,,,,,,,,,,,,,,,,,,,,,,,
879,,,,,,,,,,,,,,,,,,,,,,,,
880,,,,,,,,,,,,,,,,,,,,,,,,
881,,,,,,,,,,,,,,,,,,,,,,,,
882,,,,,,,,,,,,,,,,,,,,,,,,
883,,,,,,,,,,,,,,,,,,,,,,,,
884,,,,,,,,,,,,,,,,,,,,,,,,
885,,,,,,,,,,,,,,,,,,,,,,,,
886,,,,,,,,,,,,,,,,,,,,,,,,
887,,,,,,,,,,,,,,,,,,,,,,,,
888,,,,,,,,,,,,,,,,,,,,,,,,
889,,,,,,,,,,,,,,,,,,,,,,,,
890,,,,,,,,,,,,,,,,,,,,,,,,
891,,,,,,,,,,,,,,,,,,,,,,,,
892,,,,,,,,,,,,,,,,,,,,,,,,
893,,,,,,,,,,,,,,,,,,,,,,,,
894,,,,,,,,,,,,,,,,,,,,,,,,
895,,,,,,,,,,,,,,,,,,,,,,,,
896,,,,,,,,,,,,,,,,,,,,,,,,
897,,,,,,,,,,,,,,,,,,,,,,,,
898,,,,,,,,,,,,,,,,,,,,,,,,
899,,,,,,,,,,,,,,,,,,,,,,,,
900,,,,,,,,,,,,,,,,,,,,,,,,
901,,,,,,,,,,,,,,,,,,,,,,,,
902,,,,,,,,,,,,,,,,,,,,,,,,
903,,,,,,,,,,,,,,,,,,,,,,,,
904,,,,,,,,,,,,,,,,,,,,,,,,
905,,,,,,,,,,,,,,,,,,,,,,,,
906,,,,,,,,,,,,,,,,,,,,,,,,
907,,,,,,,,,,,,,,,,,,,,,,,,
908,,,,,,,,,,,,,,,,,,,,,,,,
909,,,,,,,,,,,,,,,,,,,,,,,,
910,,,,,,,,,,,,,,,,,,,,,,,,
911,,,,,,,,,,,,,,,,,,,,,,,,
912,,,,,,,,,,,,,,,,,,,,,,,,
913,,,,,,,,,,,,,,,,,,,,,,,,
914,,,,,,,,,,,,,,,,,,,,,,,,
915,,,,,,,,,,,,,,,,,,,,,,,,
916,,,,,,,,,,,,,,,,,,,,,,,,
917,,,,,,,,,,,,,,,,,,,,,,,,
918,,,,,,,,,,,,,,,,,,,,,,,,
919,,,,,,,,,,,,,,,,,,,,,,,,
920,,,,,,,,,,,,,,,,,,,,,,,,
921,,,,,,,,,,,,,,,,,,,,,,,,
922,,,,,,,,,,,,,,,,,,,,,,,,
923,,,,,,,,,,,,,,,,,,,,,,,,
924,,,,,,,,,,,,,,,,,,,,,,,,
925,,,,,,,,,,,,,,,,,,,,,,,,
926,,,,,,,,,,,,,,,,,,,,,,,,
927,,,,,,,,,,,,,,,,,,,,,,,,
928,,,,,,,,,,,,,,,,,,,,,,,,
929,,,,,,,,,,,,,,,,,,,,,,,,
930,,,,,,,,,,,,,,,,,,,,,,,,
931,,,,,,,,,,,,,,,,,,,,,,,,
932,,,,,,,,,,,,,,,,,,,,,,,,
933,,,,,,,,,,,,,,,,,,,,,,,,
934,,,,,,,,,,,,,,,,,,,,,,,,
935,,,,,,,,,,,,,,,,,,,,,,,,
936,,,,,,,,,,,,,,,,,,,,,,,,
937,,,,,,,,,,,,,,,,,,,,,,,,
938,,,,,,,,,,,,,,,,,,,,,,,,
939,,,,,,,,,,,,,,,,,,,,,,,,
940,,,,,,,,,,,,,,,,,,,,,,,,
941,,,,,,,,,,,,,,,,,,,,,,,,
942,,,,,,,,,,,,,,,,,,,,,,,,
943,,,,,,,,,,,,,,,,,,,,,,,,
944,,,,,,,,,,,,,,,,,,,,,,,,
945,,,,,,,,,,,,,,,,,,,,,,,,
946,,,,,,,,,,,,,,,,,,,,,,,,
947,,,,,,,,,,,,,,,,,,,,,,,,
948,,,,,,,,,,,,,,,,,,,,,,,,
949,,,,,,,,,,,,,,,,,,,,,,,,
950,,,,,,,,,,,,,,,,,,,,,,,,
951,,,,,,,,,,,,,,,,,,,,,,,,
952,,,,,,,,,,,,,,,,,,,,,,,,
953,,,,,,,,,,,,,,,,,,,,,,,,
954,,,,,,,,,,,,,,,,,,,,,,,,
955,,,,,,,,,,,,,,,,,,,,,,,,
956,,,,,,,,,,,,,,,,,,,,,,,,
957,,,,,,,,,,,,,,,,,,,,,,,,
958,,,,,,,,,,,,,,,,,,,,,,,,
959,,,,,,,,,,,,,,,,,,,,,,,,
960,,,,,,,,,,,,,,,,,,,,,,,,
961,,,,,,,,,,,,,,,,,,,,,,,,
962,,,,,,,,,,,,,,,,,,,,,,,,
963,,,,,,,,,,,,,,,,,,,,,,,,
964,,,,,,,,,,,,,,,,,,,,,,,,
965,,,,,,,,,,,,,,,,,,,,,,,,
966,,,,,,,,,,,,,,,,,,,,,,,,
967,,,,,,,,,,,,,,,,,,,,,,,,
968,,,,,,,,,,,,,,,,,,,,,,,,
969,,,,,,,,,,,,,,,,,,,,,,,,
970,,,,,,,,,,,,,,,,,,,,,,,,
971,,,,,,,,,,,,,,,,,,,,,,,,
972,,,,,,,,,,,,,,,,,,,,,,,,
973,,,,,,,,,,,,,,,,,,,,,,,,
974,,,,,,,,,,,,,,,,,,,,,,,,
975,,,,,,,,,,,,,,,,,,,,,,,,
976,,,,,,,,,,,,,,,,,,,,,,,,
977,,,,,,,,,,,,,,,,,,,,,,,,
978,,,,,,,,,,,,,,,,,,,,,,,,
979,,,,,,,,,,,,,,,,,,,,,,,,
980,,,,,,,,,,,,,,,,,,,,,,,,
981,,,,,,,,,,,,,,,,,,,,,,,,
982,,,,,,,,,,,,,,,,,,,,,,,,
983,,,,,,,,,,,,,,,,,,,,,,,,
984,,,,,,,,,,,,,,,,,,,,,,,,
985,,,,,,,,,,,,,,,,,,,,,,,,
986,,,,,,,,,,,,,,,,,,,,,,,,
987,,,,,,,,,,,,,,,,,,,,,,,,
988,,,,,,,,,,,,,,,,,,,,,,,,
989,,,,,,,,,,,,,,,,,,,,,,,,
990,155101,Sierra,Bass Lake,Granddad,Y,N,"JB, SR, AW",5/31/2017,0.48125,NAD83,,,270,11,Pinus ponderosa,NA,Mid,N/A,151101Mortality17_N,151101Mortality17_S,X,X,X,
991,155102,Sierra,Bass Lake,Granddad,Y,N,"SR, JB",6/5/2017,0.46875,,,,118,13.5,Pinus ponderosa,Quercus kelloggii,Mid,NA,155102Mortality17_N,155102Mortality17_S,X,X,X,
992,155103,sierra,Bass Lake,Granddad,Y,N,"SR, JB",6/5/2017,0.13541666667,,,,320,36,Pinus ponderosa,Quercus kelloggii,Mid,NA,155103Mortality17_N,155103Mortality17_S,X,X,X,
993,155104,Sierra,Bass Lake,Granddad,Y,N,"JB, SR",6/6/2014,0.40277777778,,,,213,27,Abies concolor,Pinus ponderosa,Mid,NA,155104Mortality17_N,155104Mortality17_S,X,X,X,
994,155105,Sierra,Bass Lake,Granddad,Y,N,"SR, JB",6/6/2017,0.044444444444,,,,200,30,Quercus kelloggii,Calocedrus decurrens,Mid,NA,155105Mortality17_N,155105Mortality17_S,X,X,X,
995,155106,Sierra,Bass Lake,Granddad,Y,N,"JB, SR",6/6/2016,0.63402777778,,,,251,32,Calocedrus decurrens,Pinus lambertiana,Mid,NA,155106Mortality17_N,155106Mortality17_S,X,X,X,
996,155107,Sierra,Bass Lake,Granddad,Y,N,"SR, JB",6/7/2017,0.33888888889,,,,324,40,Abies concolor,Hesperocyparis stephensonii,Mid,NA,155107_N,155107_S,X,X,X,"dead fir on plot, otherwise 13.4 m to nearest dead PIPO"
997,155108,Sierra,Bass Lake,Granddad,Y,N,"SR, JB",6/7/2017,0.44791666667,,,,342,12,Pinus ponderosa,Abies concolor,Mid,NA,104435,104609,X,X,X,Monument number says 155008
998,1510206,Sierra,Bass Lake,Granddad,N,N,"SR, JB",6/8/2017,0.52777777778,,,,126,14,Pinus ponderosa,Abies concolor,Mid,NA,123620,123703,X,X,X,"dead ABCO in plot, dist to pine 18.3"
