"plot","code","species","spha","forest","aoi","loc","treated"
109004,"QUKE","Black oak",60,"Stanislaus","Stanislaus - Mi-Wok","South Fork","Yes"
109005,"CADE","Incense cedar",120,"Stanislaus","Stanislaus - Mi-Wok","South Fork","Yes"
109007,"ABCO","White fir",120,"Stanislaus","Stanislaus - Mi-Wok","South Fork","Yes"
109008,"ABCO","White fir",802,"Stanislaus","Stanislaus - Mi-Wok","South Fork","Yes"
109008,"CADE","Incense cedar",1043,"Stanislaus","Stanislaus - Mi-Wok","South Fork","Yes"
109008,"QUKE","Black oak",80,"Stanislaus","Stanislaus - Mi-Wok","South Fork","Yes"
109009,"ABCO","White fir",241,"Stanislaus","Stanislaus - Mi-Wok","South Fork","Yes"
109009,"CADE","Incense cedar",160,"Stanislaus","Stanislaus - Mi-Wok","South Fork","Yes"
109009,"QUKE","Black oak",60,"Stanislaus","Stanislaus - Mi-Wok","South Fork","Yes"
109010,"CADE","Incense cedar",40,"Stanislaus","Stanislaus - Mi-Wok","South Fork","Yes"
109010,"QUKE","Black oak",60,"Stanislaus","Stanislaus - Mi-Wok","South Fork","Yes"
155101,"ABCO","White fir",40,"Sierra","Sierra - Bass Lake","Granddad","Yes"
155101,"CADE","Incense cedar",80,"Sierra","Sierra - Bass Lake","Granddad","Yes"
155101,"PILA","Sugar pine",20,"Sierra","Sierra - Bass Lake","Granddad","Yes"
155101,"QUCH","Canyon live oak",100,"Sierra","Sierra - Bass Lake","Granddad","Yes"
155101,"QUKE","Black oak",60,"Sierra","Sierra - Bass Lake","Granddad","Yes"
155102,"ABCO","White fir",20,"Sierra","Sierra - Bass Lake","Granddad","Yes"
155102,"CADE","Incense cedar",40,"Sierra","Sierra - Bass Lake","Granddad","Yes"
155102,"PILA","Sugar pine",60,"Sierra","Sierra - Bass Lake","Granddad","Yes"
155102,"QUCH","Canyon live oak",20,"Sierra","Sierra - Bass Lake","Granddad","Yes"
155102,"QUKE","Black oak",20,"Sierra","Sierra - Bass Lake","Granddad","Yes"
155103,"QUCH","Canyon live oak",221,"Sierra","Sierra - Bass Lake","Granddad","Yes"
155103,"QUKE","Black oak",20,"Sierra","Sierra - Bass Lake","Granddad","Yes"
155104,"ABCO","White fir",100,"Sierra","Sierra - Bass Lake","Granddad","Yes"
155104,"CADE","Incense cedar",40,"Sierra","Sierra - Bass Lake","Granddad","Yes"
155104,"PILA","Sugar pine",100,"Sierra","Sierra - Bass Lake","Granddad","Yes"
155104,"QUCH","Canyon live oak",361,"Sierra","Sierra - Bass Lake","Granddad","Yes"
155104,"QUKE","Black oak",261,"Sierra","Sierra - Bass Lake","Granddad","Yes"
155105,"ABCO","White fir",60,"Sierra","Sierra - Bass Lake","Granddad","Yes"
155105,"CADE","Incense cedar",40,"Sierra","Sierra - Bass Lake","Granddad","Yes"
155105,"PILA","Sugar pine",60,"Sierra","Sierra - Bass Lake","Granddad","Yes"
155105,"QUCH","Canyon live oak",20,"Sierra","Sierra - Bass Lake","Granddad","Yes"
155105,"QUKE","Black oak",321,"Sierra","Sierra - Bass Lake","Granddad","Yes"
155106,"ABCO","White fir",60,"Sierra","Sierra - Bass Lake","Granddad","Yes"
155106,"PILA","Sugar pine",20,"Sierra","Sierra - Bass Lake","Granddad","Yes"
155106,"QUKE","Black oak",40,"Sierra","Sierra - Bass Lake","Granddad","Yes"
155107,"ABCO","White fir",80,"Sierra","Sierra - Bass Lake","Granddad","Yes"
155107,"CADE","Incense cedar",40,"Sierra","Sierra - Bass Lake","Granddad","Yes"
155107,"PILA","Sugar pine",100,"Sierra","Sierra - Bass Lake","Granddad","Yes"
155107,"QUCH","Canyon live oak",100,"Sierra","Sierra - Bass Lake","Granddad","Yes"
155107,"QUKE","Black oak",120,"Sierra","Sierra - Bass Lake","Granddad","Yes"
155108,"ABCO","White fir",261,"Sierra","Sierra - Bass Lake","Granddad","Yes"
155108,"CADE","Incense cedar",140,"Sierra","Sierra - Bass Lake","Granddad","Yes"
155108,"QUCH","Canyon live oak",160,"Sierra","Sierra - Bass Lake","Granddad","Yes"
155111,"ABCO","White fir",982,"Sierra","Sierra - Bass Lake","Granddad","No"
155111,"CADE","Incense cedar",1524,"Sierra","Sierra - Bass Lake","Granddad","No"
155111,"PILA","Sugar pine",341,"Sierra","Sierra - Bass Lake","Granddad","No"
155111,"QUCH","Canyon live oak",100,"Sierra","Sierra - Bass Lake","Granddad","No"
155112,"ABCO","White fir",1965,"Sierra","Sierra - Bass Lake","Granddad","No"
155112,"CADE","Incense cedar",1845,"Sierra","Sierra - Bass Lake","Granddad","No"
155112,"CONU"," ",20,"Sierra","Sierra - Bass Lake","Granddad","No"
155112,"PILA","Sugar pine",40,"Sierra","Sierra - Bass Lake","Granddad","No"
155112,"QUCH","Canyon live oak",200,"Sierra","Sierra - Bass Lake","Granddad","No"
155112,"QUKE","Black oak",60,"Sierra","Sierra - Bass Lake","Granddad","No"
155113,"ABCO","White fir",120,"Sierra","Sierra - Bass Lake","Granddad","No"
155113,"CADE","Incense cedar",120,"Sierra","Sierra - Bass Lake","Granddad","No"
155113,"PILA","Sugar pine",60,"Sierra","Sierra - Bass Lake","Granddad","No"
155113,"QUCH","Canyon live oak",341,"Sierra","Sierra - Bass Lake","Granddad","No"
155113,"QUKE","Black oak",20,"Sierra","Sierra - Bass Lake","Granddad","No"
155114,"ABCO","White fir",20,"Sierra","Sierra - Bass Lake","Granddad","No"
155114,"CADE","Incense cedar",80,"Sierra","Sierra - Bass Lake","Granddad","No"
155114,"QUCH","Canyon live oak",281,"Sierra","Sierra - Bass Lake","Granddad","No"
155114,"QUKE","Black oak",160,"Sierra","Sierra - Bass Lake","Granddad","No"
155115,"CADE","Incense cedar",521,"Sierra","Sierra - Bass Lake","Granddad","No"
155115,"QUCH","Canyon live oak",441,"Sierra","Sierra - Bass Lake","Granddad","No"
155115,"QUKE","Black oak",120,"Sierra","Sierra - Bass Lake","Granddad","No"
155131,"QUKE","Black oak",1524,"Sierra","Sierra - Bass Lake","Pine Grove","Yes"
155132,"QUCH","Canyon live oak",20,"Sierra","Sierra - Bass Lake","Pine Grove","Yes"
155132,"QUKE","Black oak",381,"Sierra","Sierra - Bass Lake","Pine Grove","Yes"
155133,"QUCH","Canyon live oak",100,"Sierra","Sierra - Bass Lake","Pine Grove","Yes"
155133,"QUKE","Black oak",842,"Sierra","Sierra - Bass Lake","Pine Grove","Yes"
155134,"QUKE","Black oak",261,"Sierra","Sierra - Bass Lake","Pine Grove","Yes"
155135,"QUCH","Canyon live oak",20,"Sierra","Sierra - Bass Lake","Pine Grove","Yes"
155135,"QUKE","Black oak",281,"Sierra","Sierra - Bass Lake","Pine Grove","Yes"
155136,"QUCH","Canyon live oak",80,"Sierra","Sierra - Bass Lake","Pine Grove","Yes"
155136,"QUKE","Black oak",80,"Sierra","Sierra - Bass Lake","Pine Grove","Yes"
155137,"QUKE","Black oak",561,"Sierra","Sierra - Bass Lake","Pine Grove","Yes"
155141,"CADE","Incense cedar",60,"Sierra","Sierra - Bass Lake","Pine Grove","No"
155141,"QUKE","Black oak",401,"Sierra","Sierra - Bass Lake","Pine Grove","No"
155142,"CADE","Incense cedar",60,"Sierra","Sierra - Bass Lake","Pine Grove","No"
155142,"QUCH","Canyon live oak",80,"Sierra","Sierra - Bass Lake","Pine Grove","No"
155142,"QUKE","Black oak",40,"Sierra","Sierra - Bass Lake","Pine Grove","No"
155143,"PILA","Sugar pine",40,"Sierra","Sierra - Bass Lake","Pine Grove","No"
155143,"QUCH","Canyon live oak",80,"Sierra","Sierra - Bass Lake","Pine Grove","No"
155143,"QUKE","Black oak",742,"Sierra","Sierra - Bass Lake","Pine Grove","No"
155146,"CADE","Incense cedar",60,"Sierra","Sierra - Bass Lake","Pine Grove","No"
155146,"QUCH","Canyon live oak",281,"Sierra","Sierra - Bass Lake","Pine Grove","No"
155146,"QUKE","Black oak",521,"Sierra","Sierra - Bass Lake","Pine Grove","No"
155147,"CADE","Incense cedar",221,"Sierra","Sierra - Bass Lake","Pine Grove","No"
155147,"QUCH","Canyon live oak",200,"Sierra","Sierra - Bass Lake","Pine Grove","No"
155147,"QUKE","Black oak",622,"Sierra","Sierra - Bass Lake","Pine Grove","No"
155148,"CADE","Incense cedar",80,"Sierra","Sierra - Bass Lake","Pine Grove","No"
155148,"PILA","Sugar pine",40,"Sierra","Sierra - Bass Lake","Pine Grove","No"
155148,"QUCH","Canyon live oak",80,"Sierra","Sierra - Bass Lake","Pine Grove","No"
155148,"QUKE","Black oak",221,"Sierra","Sierra - Bass Lake","Pine Grove","No"
155149,"QUKE","Black oak",241,"Sierra","Sierra - Bass Lake","Pine Grove","No"
155151,"ABCO","White fir",221,"Sierra","Sierra - Bass Lake","Foster16","Yes"
155151,"CADE","Incense cedar",180,"Sierra","Sierra - Bass Lake","Foster16","Yes"
155151,"PIJE","Jeffrey pine",20,"Sierra","Sierra - Bass Lake","Foster16","Yes"
155151,"PILA","Sugar pine",40,"Sierra","Sierra - Bass Lake","Foster16","Yes"
155151,"QUKE","Black oak",40,"Sierra","Sierra - Bass Lake","Foster16","Yes"
155152,"ABCO","White fir",1644,"Sierra","Sierra - Bass Lake","Foster16","Yes"
155152,"CADE","Incense cedar",2647,"Sierra","Sierra - Bass Lake","Foster16","Yes"
155152,"PILA","Sugar pine",241,"Sierra","Sierra - Bass Lake","Foster16","Yes"
155153,"QUKE","Black oak",60,"Sierra","Sierra - Bass Lake","Foster16","Yes"
155154,"ABCO","White fir",40,"Sierra","Sierra - Bass Lake","Foster16","Yes"
155154,"CADE","Incense cedar",100,"Sierra","Sierra - Bass Lake","Foster16","Yes"
155155,"ABCO","White fir",100,"Sierra","Sierra - Bass Lake","Foster16","Yes"
155155,"CADE","Incense cedar",40,"Sierra","Sierra - Bass Lake","Foster16","Yes"
155155,"QUKE","Black oak",60,"Sierra","Sierra - Bass Lake","Foster16","Yes"
155156,"QUKE","Black oak",361,"Sierra","Sierra - Bass Lake","Foster16","Yes"
155158,"QUKE","Black oak",702,"Sierra","Sierra - Bass Lake","Foster16","Yes"
155161,"ABCO","White fir",60,"Sierra","Sierra - Bass Lake","Foster16","No"
155161,"CADE","Incense cedar",80,"Sierra","Sierra - Bass Lake","Foster16","No"
155161,"QUCH","Canyon live oak",140,"Sierra","Sierra - Bass Lake","Foster16","No"
155162,"ABCO","White fir",622,"Sierra","Sierra - Bass Lake","Foster16","No"
155162,"CADE","Incense cedar",581,"Sierra","Sierra - Bass Lake","Foster16","No"
155162,"PILA","Sugar pine",221,"Sierra","Sierra - Bass Lake","Foster16","No"
155162,"QUKE","Black oak",100,"Sierra","Sierra - Bass Lake","Foster16","No"
155163,"ABCO","White fir",20,"Sierra","Sierra - Bass Lake","Foster16","No"
155163,"CADE","Incense cedar",401,"Sierra","Sierra - Bass Lake","Foster16","No"
155163,"CONU"," ",20,"Sierra","Sierra - Bass Lake","Foster16","No"
155163,"PILA","Sugar pine",80,"Sierra","Sierra - Bass Lake","Foster16","No"
155163,"QUKE","Black oak",20,"Sierra","Sierra - Bass Lake","Foster16","No"
155164,"ABCO","White fir",501,"Sierra","Sierra - Bass Lake","Foster16","No"
155164,"CADE","Incense cedar",1825,"Sierra","Sierra - Bass Lake","Foster16","No"
155164,"CONU"," ",160,"Sierra","Sierra - Bass Lake","Foster16","No"
155164,"PILA","Sugar pine",40,"Sierra","Sierra - Bass Lake","Foster16","No"
155164,"QUKE","Black oak",301,"Sierra","Sierra - Bass Lake","Foster16","No"
155165,"ABCO","White fir",200,"Sierra","Sierra - Bass Lake","Foster16","No"
155165,"CADE","Incense cedar",902,"Sierra","Sierra - Bass Lake","Foster16","No"
155165,"CONU"," ",40,"Sierra","Sierra - Bass Lake","Foster16","No"
155165,"PILA","Sugar pine",40,"Sierra","Sierra - Bass Lake","Foster16","No"
155165,"QUCH","Canyon live oak",120,"Sierra","Sierra - Bass Lake","Foster16","No"
155165,"QUKE","Black oak",80,"Sierra","Sierra - Bass Lake","Foster16","No"
155166,"ABCO","White fir",60,"Sierra","Sierra - Bass Lake","Foster16","No"
155166,"CADE","Incense cedar",160,"Sierra","Sierra - Bass Lake","Foster16","No"
155166,"PILA","Sugar pine",160,"Sierra","Sierra - Bass Lake","Foster16","No"
155166,"QUCH","Canyon live oak",20,"Sierra","Sierra - Bass Lake","Foster16","No"
155166,"QUKE","Black oak",241,"Sierra","Sierra - Bass Lake","Foster16","No"
155167,"CADE","Incense cedar",20,"Sierra","Sierra - Bass Lake","Foster16","No"
155167,"QUKE","Black oak",180,"Sierra","Sierra - Bass Lake","Foster16","No"
155167,"SALIX","Willow sp.",20,"Sierra","Sierra - Bass Lake","Foster16","No"
155168,"ABCO","White fir",200,"Sierra","Sierra - Bass Lake","Foster16","No"
155168,"CONU"," ",40,"Sierra","Sierra - Bass Lake","Foster16","No"
155168,"QUCH","Canyon live oak",80,"Sierra","Sierra - Bass Lake","Foster16","No"
155168,"QUKE","Black oak",341,"Sierra","Sierra - Bass Lake","Foster16","No"
167601,"CADE","Incense cedar",221,"Stanislaus","Stanislaus - Groveland","Long Shanahan","Yes"
167601,"PILA","Sugar pine",120,"Stanislaus","Stanislaus - Groveland","Long Shanahan","Yes"
167601,"QUCH","Canyon live oak",180,"Stanislaus","Stanislaus - Groveland","Long Shanahan","Yes"
167601,"QUKE","Black oak",381,"Stanislaus","Stanislaus - Groveland","Long Shanahan","Yes"
167603,"CADE","Incense cedar",20,"Stanislaus","Stanislaus - Groveland","Long Shanahan","Yes"
167603,"PILA","Sugar pine",40,"Stanislaus","Stanislaus - Groveland","Long Shanahan","Yes"
167603,"QUCH","Canyon live oak",722,"Stanislaus","Stanislaus - Groveland","Long Shanahan","Yes"
167603,"QUKE","Black oak",1183,"Stanislaus","Stanislaus - Groveland","Long Shanahan","Yes"
167605,"CADE","Incense cedar",20,"Stanislaus","Stanislaus - Groveland","Long Shanahan","Yes"
167605,"PILA","Sugar pine",140,"Stanislaus","Stanislaus - Groveland","Long Shanahan","Yes"
167606,"CADE","Incense cedar",160,"Stanislaus","Stanislaus - Groveland","Long Shanahan","Yes"
167606,"PILA","Sugar pine",381,"Stanislaus","Stanislaus - Groveland","Long Shanahan","Yes"
167606,"QUCH","Canyon live oak",160,"Stanislaus","Stanislaus - Groveland","Long Shanahan","Yes"
167606,"QUKE","Black oak",221,"Stanislaus","Stanislaus - Groveland","Long Shanahan","Yes"
167616,"CADE","Incense cedar",20,"Stanislaus","Stanislaus - Groveland","Long Shanahan","Yes"
167616,"PILA","Sugar pine",20,"Stanislaus","Stanislaus - Groveland","Long Shanahan","Yes"
167616,"QUCH","Canyon live oak",140,"Stanislaus","Stanislaus - Groveland","Long Shanahan","Yes"
167616,"QUKE","Black oak",100,"Stanislaus","Stanislaus - Groveland","Long Shanahan","Yes"
167621,"CADE","Incense cedar",241,"Stanislaus","Stanislaus - Groveland","Long Shanahan","Yes"
167621,"PILA","Sugar pine",40,"Stanislaus","Stanislaus - Groveland","Long Shanahan","Yes"
167621,"QUCH","Canyon live oak",1564,"Stanislaus","Stanislaus - Groveland","Long Shanahan","Yes"
167621,"QUKE","Black oak",441,"Stanislaus","Stanislaus - Groveland","Long Shanahan","Yes"
167625,"CADE","Incense cedar",2045,"Stanislaus","Stanislaus - Groveland","Long Shanahan","Yes"
167625,"PILA","Sugar pine",241,"Stanislaus","Stanislaus - Groveland","Long Shanahan","Yes"
167625,"QUCH","Canyon live oak",1023,"Stanislaus","Stanislaus - Groveland","Long Shanahan","Yes"
167625,"QUKE","Black oak",1203,"Stanislaus","Stanislaus - Groveland","Long Shanahan","Yes"
167644,"CADE","Incense cedar",180,"Stanislaus","Stanislaus - Groveland","Long Shanahan","Yes"
167644,"PILA","Sugar pine",60,"Stanislaus","Stanislaus - Groveland","Long Shanahan","Yes"
167644,"QUCH","Canyon live oak",20,"Stanislaus","Stanislaus - Groveland","Long Shanahan","Yes"
167644,"QUKE","Black oak",341,"Stanislaus","Stanislaus - Groveland","Long Shanahan","Yes"
241000,"CADE","Incense cedar",341,"Yosemite","Yosemite","Studhorse North","Yes"
241000,"QUCH","Canyon live oak",60,"Yosemite","Yosemite","Studhorse North","Yes"
242000,"QUCH","Canyon live oak",20,"Yosemite","Yosemite","Studhorse North","Yes"
245000,"CADE","Incense cedar",441,"Yosemite","Yosemite","Studhorse North","Yes"
245000,"PILA","Sugar pine",40,"Yosemite","Yosemite","Studhorse North","Yes"
247000,"CADE","Incense cedar",80,"Yosemite","Yosemite","Studhorse North","Yes"
247000,"QUCH","Canyon live oak",40,"Yosemite","Yosemite","Studhorse North","Yes"
248000,"ABCO","White fir",221,"Yosemite","Yosemite","Studhorse North","Yes"
248000,"CADE","Incense cedar",642,"Yosemite","Yosemite","Studhorse North","Yes"
248000,"PILA","Sugar pine",321,"Yosemite","Yosemite","Studhorse North","Yes"
248000,"QUKE","Black oak",40,"Yosemite","Yosemite","Studhorse North","Yes"
249000,"CADE","Incense cedar",742,"Yosemite","Yosemite","Studhorse North","Yes"
249000,"PILA","Sugar pine",20,"Yosemite","Yosemite","Studhorse North","Yes"
249000,"QUCH","Canyon live oak",20,"Yosemite","Yosemite","Studhorse North","Yes"
249000,"QUKE","Black oak",20,"Yosemite","Yosemite","Studhorse North","Yes"
301000,"ABCO","White fir",20,"Yosemite","Yosemite","Studhorse North","No"
301000,"CADE","Incense cedar",301,"Yosemite","Yosemite","Studhorse North","No"
301000,"PILA","Sugar pine",261,"Yosemite","Yosemite","Studhorse North","No"
301000,"QUCH","Canyon live oak",140,"Yosemite","Yosemite","Studhorse North","No"
301000,"QUKE","Black oak",341,"Yosemite","Yosemite","Studhorse North","No"
302000,"ABCO","White fir",120,"Yosemite","Yosemite","Studhorse North","No"
302000,"CADE","Incense cedar",1263,"Yosemite","Yosemite","Studhorse North","No"
302000,"PILA","Sugar pine",341,"Yosemite","Yosemite","Studhorse North","No"
302000,"QUKE","Black oak",80,"Yosemite","Yosemite","Studhorse North","No"
304000,"ABCO","White fir",40,"Yosemite","Yosemite","Studhorse North","No"
304000,"CADE","Incense cedar",481,"Yosemite","Yosemite","Studhorse North","No"
304000,"PILA","Sugar pine",120,"Yosemite","Yosemite","Studhorse North","No"
304000,"QUCH","Canyon live oak",40,"Yosemite","Yosemite","Studhorse North","No"
304000,"QUKE","Black oak",461,"Yosemite","Yosemite","Studhorse North","No"
305000,"ABCO","White fir",1564,"Yosemite","Yosemite","Studhorse North","No"
305000,"CADE","Incense cedar",421,"Yosemite","Yosemite","Studhorse North","No"
305000,"PILA","Sugar pine",241,"Yosemite","Yosemite","Studhorse North","No"
305000,"QUCH","Canyon live oak",40,"Yosemite","Yosemite","Studhorse North","No"
305000,"QUKE","Black oak",60,"Yosemite","Yosemite","Studhorse North","No"
307000,"ABCO","White fir",682,"Yosemite","Yosemite","Studhorse North","No"
307000,"CADE","Incense cedar",1383,"Yosemite","Yosemite","Studhorse North","No"
307000,"PILA","Sugar pine",301,"Yosemite","Yosemite","Studhorse North","No"
307000,"PSME","Douglas fir",20,"Yosemite","Yosemite","Studhorse North","No"
307000,"QUCH","Canyon live oak",40,"Yosemite","Yosemite","Studhorse North","No"
307000,"QUKE","Black oak",60,"Yosemite","Yosemite","Studhorse North","No"
308000,"ABCO","White fir",200,"Yosemite","Yosemite","Studhorse North","No"
308000,"CADE","Incense cedar",1764,"Yosemite","Yosemite","Studhorse North","No"
308000,"PILA","Sugar pine",40,"Yosemite","Yosemite","Studhorse North","No"
308000,"QUCH","Canyon live oak",40,"Yosemite","Yosemite","Studhorse North","No"
308000,"QUKE","Black oak",60,"Yosemite","Yosemite","Studhorse North","No"
311000,"CADE","Incense cedar",361,"Yosemite","Yosemite","Studhorse North","No"
312000,"CADE","Incense cedar",160,"Yosemite","Yosemite","Studhorse North","No"
312000,"PILA","Sugar pine",40,"Yosemite","Yosemite","Studhorse North","No"
312000,"QUCH","Canyon live oak",20,"Yosemite","Yosemite","Studhorse North","No"
362002,"ABCO","White fir",642,"Eldorado","Eldorado - Placerville","Lincoln","Yes"
362002,"CADE","Incense cedar",180,"Eldorado","Eldorado - Placerville","Lincoln","Yes"
362002,"QUKE","Black oak",20,"Eldorado","Eldorado - Placerville","Lincoln","Yes"
362012,"ABCO","White fir",1464,"Eldorado","Eldorado - Placerville","Lincoln","Yes"
362012,"CADE","Incense cedar",1945,"Eldorado","Eldorado - Placerville","Lincoln","Yes"
362012,"QUKE","Black oak",40,"Eldorado","Eldorado - Placerville","Lincoln","Yes"
362014,"ABCO","White fir",301,"Eldorado","Eldorado - Placerville","Lincoln","Yes"
362014,"CADE","Incense cedar",742,"Eldorado","Eldorado - Placerville","Lincoln","Yes"
362014,"PILA","Sugar pine",40,"Eldorado","Eldorado - Placerville","Lincoln","Yes"
362014,"QUKE","Black oak",160,"Eldorado","Eldorado - Placerville","Lincoln","Yes"
362015,"ABCO","White fir",301,"Eldorado","Eldorado - Placerville","Lincoln","Yes"
362015,"CADE","Incense cedar",120,"Eldorado","Eldorado - Placerville","Lincoln","Yes"
362015,"PILA","Sugar pine",20,"Eldorado","Eldorado - Placerville","Lincoln","Yes"
362026,"ABCO","White fir",902,"Eldorado","Eldorado - Placerville","Lincoln","Yes"
362026,"CADE","Incense cedar",862,"Eldorado","Eldorado - Placerville","Lincoln","Yes"
362026,"PILA","Sugar pine",100,"Eldorado","Eldorado - Placerville","Lincoln","Yes"
362026,"PSME","Douglas fir",20,"Eldorado","Eldorado - Placerville","Lincoln","Yes"
362027,"ABCO","White fir",241,"Eldorado","Eldorado - Placerville","Lincoln","Yes"
362027,"CADE","Incense cedar",200,"Eldorado","Eldorado - Placerville","Lincoln","Yes"
362027,"PILA","Sugar pine",20,"Eldorado","Eldorado - Placerville","Lincoln","Yes"
362034,"ABCO","White fir",20,"Eldorado","Eldorado - Placerville","Lincoln","Yes"
362034,"CADE","Incense cedar",80,"Eldorado","Eldorado - Placerville","Lincoln","Yes"
402000,"QUCH","Canyon live oak",261,"BLM","BLM","Lily gap phase 1","Yes"
402000,"QUKE","Black oak",20,"BLM","BLM","Lily gap phase 1","Yes"
404000,"QUKE","Black oak",60,"BLM","BLM","Lily gap phase 1","Yes"
405202,"QUCH","Canyon live oak",60,"Sierra","Sierra - High Sierra","Barnes Mountain","Yes"
405202,"QUKE","Black oak",40,"Sierra","Sierra - High Sierra","Barnes Mountain","Yes"
405204,"CADE","Incense cedar",40,"Sierra","Sierra - High Sierra","Barnes Mountain","Yes"
405204,"QUCH","Canyon live oak",200,"Sierra","Sierra - High Sierra","Barnes Mountain","Yes"
405204,"QUKE","Black oak",100,"Sierra","Sierra - High Sierra","Barnes Mountain","Yes"
405205,"QUCH","Canyon live oak",120,"Sierra","Sierra - High Sierra","Barnes Mountain","Yes"
405206,"CADE","Incense cedar",20,"Sierra","Sierra - High Sierra","Barnes Mountain","Yes"
405206,"QUCH","Canyon live oak",200,"Sierra","Sierra - High Sierra","Barnes Mountain","Yes"
405206,"QUKE","Black oak",321,"Sierra","Sierra - High Sierra","Barnes Mountain","Yes"
405210,"CADE","Incense cedar",40,"Sierra","Sierra - High Sierra","Barnes Mountain","Yes"
405210,"QUCH","Canyon live oak",140,"Sierra","Sierra - High Sierra","Barnes Mountain","Yes"
405210,"QUKE","Black oak",100,"Sierra","Sierra - High Sierra","Barnes Mountain","Yes"
410000,"QUCH","Canyon live oak",20,"BLM","BLM","Lily gap phase 1","Yes"
410000,"QUKE","Black oak",20,"BLM","BLM","Lily gap phase 1","Yes"
411000,"QUCH","Canyon live oak",20,"BLM","BLM","Lily gap phase 1","Yes"
411000,"QUKE","Black oak",842,"BLM","BLM","Lily gap phase 1","Yes"
414000,"CADE","Incense cedar",20,"BLM","BLM","Lily gap phase 1","Yes"
414000,"QUCH","Canyon live oak",20,"BLM","BLM","Lily gap phase 1","Yes"
414000,"QUKE","Black oak",20,"BLM","BLM","Lily gap phase 1","Yes"
432000,"CADE","Incense cedar",762,"BLM","BLM","Lily gap phase 1","Yes"
432000,"QUKE","Black oak",80,"BLM","BLM","Lily gap phase 1","Yes"
435000,"ABCO","White fir",80,"BLM","BLM","Lily gap phase 1","Yes"
435000,"CADE","Incense cedar",301,"BLM","BLM","Lily gap phase 1","Yes"
435000,"PILA","Sugar pine",60,"BLM","BLM","Lily gap phase 1","Yes"
435000,"PSME","Douglas fir",20,"BLM","BLM","Lily gap phase 1","Yes"
435000,"QUCH","Canyon live oak",140,"BLM","BLM","Lily gap phase 1","Yes"
435000,"QUKE","Black oak",20,"BLM","BLM","Lily gap phase 1","Yes"
439000,"QUKE","Black oak",20,"BLM","BLM","Lily gap phase 1","No"
561000,"CADE","Incense cedar",140,"BLM","BLM","Lily gap phase 2","No"
561000,"PILA","Sugar pine",80,"BLM","BLM","Lily gap phase 2","No"
561000,"PSME","Douglas fir",20,"BLM","BLM","Lily gap phase 2","No"
561000,"QUKE","Black oak",20,"BLM","BLM","Lily gap phase 2","No"
562000,"CADE","Incense cedar",561,"BLM","BLM","Lily gap phase 2","No"
562000,"PILA","Sugar pine",521,"BLM","BLM","Lily gap phase 2","No"
562000,"PSME","Douglas fir",100,"BLM","BLM","Lily gap phase 2","No"
562000,"QUKE","Black oak",521,"BLM","BLM","Lily gap phase 2","No"
564000,"CADE","Incense cedar",221,"BLM","BLM","Lily gap phase 2","No"
564000,"PILA","Sugar pine",80,"BLM","BLM","Lily gap phase 2","No"
564000,"PSME","Douglas fir",20,"BLM","BLM","Lily gap phase 2","No"
564000,"QUKE","Black oak",40,"BLM","BLM","Lily gap phase 2","No"
570000,"PILA","Sugar pine",180,"BLM","BLM","Lily gap phase 2","No"
570000,"PSME","Douglas fir",100,"BLM","BLM","Lily gap phase 2","No"
570000,"QUCH","Canyon live oak",40,"BLM","BLM","Lily gap phase 2","No"
570000,"QUKE","Black oak",60,"BLM","BLM","Lily gap phase 2","No"
632000,"CADE","Incense cedar",80,"BLM","BLM","Bummerville","No"
632000,"PSME","Douglas fir",20,"BLM","BLM","Bummerville","No"
632000,"QUCH","Canyon live oak",60,"BLM","BLM","Bummerville","No"
634000,"CADE","Incense cedar",100,"BLM","BLM","Bummerville","No"
634000,"PSME","Douglas fir",20,"BLM","BLM","Bummerville","No"
634000,"QUKE","Black oak",180,"BLM","BLM","Bummerville","No"
636000,"CADE","Incense cedar",421,"BLM","BLM","Bummerville","No"
636000,"PILA","Sugar pine",20,"BLM","BLM","Bummerville","No"
636000,"QUCH","Canyon live oak",642,"BLM","BLM","Bummerville","No"
636000,"QUKE","Black oak",622,"BLM","BLM","Bummerville","No"
637000,"QUKE","Black oak",200,"BLM","BLM","Bummerville","No"
1090012,"ABCO","White fir",140,"Stanislaus","Stanislaus - Mi-Wok","South Fork","No"
1090012,"CADE","Incense cedar",60,"Stanislaus","Stanislaus - Mi-Wok","South Fork","No"
1090012,"PILA","Sugar pine",40,"Stanislaus","Stanislaus - Mi-Wok","South Fork","No"
1090042,"ABCO","White fir",842,"Stanislaus","Stanislaus - Mi-Wok","South Fork","No"
1090042,"CADE","Incense cedar",902,"Stanislaus","Stanislaus - Mi-Wok","South Fork","No"
1090042,"PILA","Sugar pine",200,"Stanislaus","Stanislaus - Mi-Wok","South Fork","No"
1090042,"QUKE","Black oak",80,"Stanislaus","Stanislaus - Mi-Wok","South Fork","No"
1090082,"ABCO","White fir",1002,"Stanislaus","Stanislaus - Mi-Wok","South Fork","No"
1090082,"CADE","Incense cedar",80,"Stanislaus","Stanislaus - Mi-Wok","South Fork","No"
1090082,"QUKE","Black oak",20,"Stanislaus","Stanislaus - Mi-Wok","South Fork","No"
1090092,"ABCO","White fir",1063,"Stanislaus","Stanislaus - Mi-Wok","South Fork","No"
1090092,"CADE","Incense cedar",20,"Stanislaus","Stanislaus - Mi-Wok","South Fork","No"
1090092,"QUKE","Black oak",20,"Stanislaus","Stanislaus - Mi-Wok","South Fork","No"
1090122,"ABCO","White fir",200,"Stanislaus","Stanislaus - Mi-Wok","South Fork","No"
1090122,"CADE","Incense cedar",922,"Stanislaus","Stanislaus - Mi-Wok","South Fork","No"
1090122,"PILA","Sugar pine",20,"Stanislaus","Stanislaus - Mi-Wok","South Fork","No"
1090122,"QUKE","Black oak",341,"Stanislaus","Stanislaus - Mi-Wok","South Fork","No"
1090132,"ABCO","White fir",140,"Stanislaus","Stanislaus - Mi-Wok","South Fork","No"
1090132,"CADE","Incense cedar",20,"Stanislaus","Stanislaus - Mi-Wok","South Fork","No"
1090132,"PILA","Sugar pine",20,"Stanislaus","Stanislaus - Mi-Wok","South Fork","No"
1090132,"QUKE","Black oak",20,"Stanislaus","Stanislaus - Mi-Wok","South Fork","No"
1090142,"ABCO","White fir",140,"Stanislaus","Stanislaus - Mi-Wok","South Fork","No"
1090142,"CADE","Incense cedar",321,"Stanislaus","Stanislaus - Mi-Wok","South Fork","No"
1090142,"PILA","Sugar pine",20,"Stanislaus","Stanislaus - Mi-Wok","South Fork","No"
1090142,"QUKE","Black oak",40,"Stanislaus","Stanislaus - Mi-Wok","South Fork","No"
1090152,"ABCO","White fir",20,"Stanislaus","Stanislaus - Mi-Wok","South Fork","No"
1090152,"CADE","Incense cedar",261,"Stanislaus","Stanislaus - Mi-Wok","South Fork","No"
1090152,"PILA","Sugar pine",20,"Stanislaus","Stanislaus - Mi-Wok","South Fork","No"
1510206,"ABCO","White fir",581,"Sierra","Sierra - Bass Lake","Granddad","No"
1510206,"CADE","Incense cedar",160,"Sierra","Sierra - Bass Lake","Granddad","No"
1510206,"PILA","Sugar pine",160,"Sierra","Sierra - Bass Lake","Granddad","No"
1510206,"QUCH","Canyon live oak",20,"Sierra","Sierra - Bass Lake","Granddad","No"
1510206,"QUKE","Black oak",80,"Sierra","Sierra - Bass Lake","Granddad","No"
1510207,"ABCO","White fir",80,"Sierra","Sierra - Bass Lake","Granddad","No"
1510207,"CADE","Incense cedar",60,"Sierra","Sierra - Bass Lake","Granddad","No"
1510207,"PILA","Sugar pine",40,"Sierra","Sierra - Bass Lake","Granddad","No"
1510207,"QUCH","Canyon live oak",40,"Sierra","Sierra - Bass Lake","Granddad","No"
1510207,"QUKE","Black oak",40,"Sierra","Sierra - Bass Lake","Granddad","No"
1510210,"ABCO","White fir",221,"Sierra","Sierra - Bass Lake","Granddad","No"
1510210,"CADE","Incense cedar",140,"Sierra","Sierra - Bass Lake","Granddad","No"
1510210,"PILA","Sugar pine",20,"Sierra","Sierra - Bass Lake","Granddad","No"
1510210,"QUCH","Canyon live oak",20,"Sierra","Sierra - Bass Lake","Granddad","No"
1510210,"QUKE","Black oak",20,"Sierra","Sierra - Bass Lake","Granddad","No"
1676112,"CADE","Incense cedar",1223,"Stanislaus","Stanislaus - Groveland","Long Shanahan","No"
1676112,"PILA","Sugar pine",80,"Stanislaus","Stanislaus - Groveland","Long Shanahan","No"
1676112,"QUCH","Canyon live oak",381,"Stanislaus","Stanislaus - Groveland","Long Shanahan","No"
1676112,"QUKE","Black oak",1023,"Stanislaus","Stanislaus - Groveland","Long Shanahan","No"
1676122,"CADE","Incense cedar",3048,"Stanislaus","Stanislaus - Groveland","Long Shanahan","No"
1676122,"PILA","Sugar pine",200,"Stanislaus","Stanislaus - Groveland","Long Shanahan","No"
1676122,"QUCH","Canyon live oak",261,"Stanislaus","Stanislaus - Groveland","Long Shanahan","No"
1676122,"QUKE","Black oak",662,"Stanislaus","Stanislaus - Groveland","Long Shanahan","No"
1676132,"CADE","Incense cedar",742,"Stanislaus","Stanislaus - Groveland","Long Shanahan","No"
1676132,"PILA","Sugar pine",321,"Stanislaus","Stanislaus - Groveland","Long Shanahan","No"
1676132,"QUCH","Canyon live oak",421,"Stanislaus","Stanislaus - Groveland","Long Shanahan","No"
1676132,"QUKE","Black oak",702,"Stanislaus","Stanislaus - Groveland","Long Shanahan","No"
1676142,"CADE","Incense cedar",2145,"Stanislaus","Stanislaus - Groveland","Long Shanahan","No"
1676142,"PILA","Sugar pine",20,"Stanislaus","Stanislaus - Groveland","Long Shanahan","No"
1676142,"QUCH","Canyon live oak",281,"Stanislaus","Stanislaus - Groveland","Long Shanahan","No"
1676142,"QUKE","Black oak",622,"Stanislaus","Stanislaus - Groveland","Long Shanahan","No"
1676152,"CADE","Incense cedar",3328,"Stanislaus","Stanislaus - Groveland","Long Shanahan","No"
1676152,"PILA","Sugar pine",120,"Stanislaus","Stanislaus - Groveland","Long Shanahan","No"
1676152,"QUCH","Canyon live oak",120,"Stanislaus","Stanislaus - Groveland","Long Shanahan","No"
1676152,"QUKE","Black oak",722,"Stanislaus","Stanislaus - Groveland","Long Shanahan","No"
1676502,"CADE","Incense cedar",20,"Stanislaus","Stanislaus - Groveland","Long Shanahan","No"
1676502,"QUCH","Canyon live oak",261,"Stanislaus","Stanislaus - Groveland","Long Shanahan","No"
1676502,"QUKE","Black oak",421,"Stanislaus","Stanislaus - Groveland","Long Shanahan","No"
1676522,"CADE","Incense cedar",702,"Stanislaus","Stanislaus - Groveland","Long Shanahan","No"
1676522,"PILA","Sugar pine",401,"Stanislaus","Stanislaus - Groveland","Long Shanahan","No"
1676522,"QUCH","Canyon live oak",221,"Stanislaus","Stanislaus - Groveland","Long Shanahan","No"
1676522,"QUKE","Black oak",1444,"Stanislaus","Stanislaus - Groveland","Long Shanahan","No"
1676582,"CADE","Incense cedar",120,"Stanislaus","Stanislaus - Groveland","Long Shanahan","No"
1676582,"PILA","Sugar pine",140,"Stanislaus","Stanislaus - Groveland","Long Shanahan","No"
1676582,"QUCH","Canyon live oak",180,"Stanislaus","Stanislaus - Groveland","Long Shanahan","No"
1676582,"QUKE","Black oak",321,"Stanislaus","Stanislaus - Groveland","Long Shanahan","No"
1760101,"QUCH","Canyon live oak",1484,"Stanislaus","Stanislaus - Calaveras","Omanuel Multiprod","Yes"
1760101,"QUKE","Black oak",80,"Stanislaus","Stanislaus - Calaveras","Omanuel Multiprod","Yes"
1760106,"ABCO","White fir",20,"Stanislaus","Stanislaus - Calaveras","Omanuel Multiprod","Yes"
1760106,"QUCH","Canyon live oak",702,"Stanislaus","Stanislaus - Calaveras","Omanuel Multiprod","Yes"
1760106,"QUKE","Black oak",160,"Stanislaus","Stanislaus - Calaveras","Omanuel Multiprod","Yes"
1760116,"CADE","Incense cedar",60,"Stanislaus","Stanislaus - Calaveras","Omanuel Multiprod","Yes"
1760116,"PILA","Sugar pine",20,"Stanislaus","Stanislaus - Calaveras","Omanuel Multiprod","Yes"
1760116,"QUCH","Canyon live oak",501,"Stanislaus","Stanislaus - Calaveras","Omanuel Multiprod","Yes"
1760116,"QUKE","Black oak",662,"Stanislaus","Stanislaus - Calaveras","Omanuel Multiprod","Yes"
1760118,"CADE","Incense cedar",60,"Stanislaus","Stanislaus - Calaveras","Omanuel Multiprod","Yes"
1760118,"QUCH","Canyon live oak",100,"Stanislaus","Stanislaus - Calaveras","Omanuel Multiprod","Yes"
1760118,"QUKE","Black oak",40,"Stanislaus","Stanislaus - Calaveras","Omanuel Multiprod","Yes"
1760606,"QUCH","Canyon live oak",60,"Stanislaus","Stanislaus - Calaveras","Omanuel Multiprod","Yes"
1760611,"QUCH","Canyon live oak",60,"Stanislaus","Stanislaus - Calaveras","Omanuel Multiprod","Yes"
1760611,"QUKE","Black oak",481,"Stanislaus","Stanislaus - Calaveras","Omanuel Multiprod","Yes"
1760613,"CADE","Incense cedar",20,"Stanislaus","Stanislaus - Calaveras","Omanuel Multiprod","Yes"
1760613,"QUCH","Canyon live oak",40,"Stanislaus","Stanislaus - Calaveras","Omanuel Multiprod","Yes"
1760613,"QUKE","Black oak",80,"Stanislaus","Stanislaus - Calaveras","Omanuel Multiprod","Yes"
1760622,"QUCH","Canyon live oak",160,"Stanislaus","Stanislaus - Calaveras","Omanuel Multiprod","Yes"
3620022,"ABCO","White fir",1143,"Eldorado","Eldorado - Placerville","Lincoln","No"
3620022,"CADE","Incense cedar",1083,"Eldorado","Eldorado - Placerville","Lincoln","No"
3620022,"PILA","Sugar pine",942,"Eldorado","Eldorado - Placerville","Lincoln","No"
3620032,"ABCO","White fir",662,"Eldorado","Eldorado - Placerville","Lincoln","No"
3620032,"CADE","Incense cedar",1163,"Eldorado","Eldorado - Placerville","Lincoln","No"
3620032,"PILA","Sugar pine",622,"Eldorado","Eldorado - Placerville","Lincoln","No"
3620032,"QUKE","Black oak",20,"Eldorado","Eldorado - Placerville","Lincoln","No"
3620042,"ABCO","White fir",501,"Eldorado","Eldorado - Placerville","Lincoln","No"
3620042,"CADE","Incense cedar",862,"Eldorado","Eldorado - Placerville","Lincoln","No"
3620042,"PILA","Sugar pine",180,"Eldorado","Eldorado - Placerville","Lincoln","No"
3620042,"QUKE","Black oak",120,"Eldorado","Eldorado - Placerville","Lincoln","No"
3620062,"ABCO","White fir",40,"Eldorado","Eldorado - Placerville","Lincoln","No"
3620062,"CADE","Incense cedar",301,"Eldorado","Eldorado - Placerville","Lincoln","No"
3620062,"PILA","Sugar pine",20,"Eldorado","Eldorado - Placerville","Lincoln","No"
3620062,"QUKE","Black oak",40,"Eldorado","Eldorado - Placerville","Lincoln","No"
3620072,"ABCO","White fir",80,"Eldorado","Eldorado - Placerville","Lincoln","No"
3620072,"CADE","Incense cedar",40,"Eldorado","Eldorado - Placerville","Lincoln","No"
3620252,"ABCO","White fir",481,"Eldorado","Eldorado - Placerville","Lincoln","No"
3620252,"CADE","Incense cedar",1764,"Eldorado","Eldorado - Placerville","Lincoln","No"
3620252,"PILA","Sugar pine",40,"Eldorado","Eldorado - Placerville","Lincoln","No"
3620282,"ABCO","White fir",80,"Eldorado","Eldorado - Placerville","Lincoln","No"
3620302,"ABCO","White fir",60,"Eldorado","Eldorado - Placerville","Lincoln","No"
3620302,"CADE","Incense cedar",80,"Eldorado","Eldorado - Placerville","Lincoln","No"
4022022,"CADE","Incense cedar",140,"Sierra","Sierra - High Sierra","Blue Canyon3C","No"
4022022,"QUCH","Canyon live oak",40,"Sierra","Sierra - High Sierra","Blue Canyon3C","No"
4022022,"QUKE","Black oak",20,"Sierra","Sierra - High Sierra","Blue Canyon3C","No"
4022052,"QUCH","Canyon live oak",20,"Sierra","Sierra - High Sierra","Blue Canyon3C","No"
4022062,"ABCO","White fir",20,"Sierra","Sierra - High Sierra","Blue Canyon3C","No"
4022062,"QUCH","Canyon live oak",80,"Sierra","Sierra - High Sierra","Blue Canyon3C","No"
4022072,"QUCH","Canyon live oak",40,"Sierra","Sierra - High Sierra","Blue Canyon3C","No"
4022072,"QUKE","Black oak",80,"Sierra","Sierra - High Sierra","Blue Canyon3C","No"
4022082,"CADE","Incense cedar",20,"Sierra","Sierra - High Sierra","Blue Canyon3C","No"
4022082,"QUCH","Canyon live oak",80,"Sierra","Sierra - High Sierra","Blue Canyon3C","No"
4022082,"QUKE","Black oak",180,"Sierra","Sierra - High Sierra","Blue Canyon3C","No"
4022092,"QUCH","Canyon live oak",481,"Sierra","Sierra - High Sierra","Blue Canyon3C","No"
4022092,"QUKE","Black oak",662,"Sierra","Sierra - High Sierra","Blue Canyon3C","No"
17601032,"ABCO","White fir",401,"Stanislaus","Stanislaus - Calaveras","Omanuel Multiprod controls","No"
17601032,"CADE","Incense cedar",40,"Stanislaus","Stanislaus - Calaveras","Omanuel Multiprod controls","No"
17601032,"PILA","Sugar pine",140,"Stanislaus","Stanislaus - Calaveras","Omanuel Multiprod controls","No"
17601032,"PSME","Douglas fir",20,"Stanislaus","Stanislaus - Calaveras","Omanuel Multiprod controls","No"
17601032,"QUCH","Canyon live oak",561,"Stanislaus","Stanislaus - Calaveras","Omanuel Multiprod controls","No"
17601032,"QUKE","Black oak",281,"Stanislaus","Stanislaus - Calaveras","Omanuel Multiprod controls","No"
17601072,"CADE","Incense cedar",1704,"Stanislaus","Stanislaus - Calaveras","Omanuel Multiprod controls","No"
17601072,"QUCH","Canyon live oak",1804,"Stanislaus","Stanislaus - Calaveras","Omanuel Multiprod controls","No"
17601072,"QUKE","Black oak",60,"Stanislaus","Stanislaus - Calaveras","Omanuel Multiprod controls","No"
17601092,"QUCH","Canyon live oak",1203,"Stanislaus","Stanislaus - Calaveras","Omanuel Multiprod controls","No"
17601092,"QUKE","Black oak",40,"Stanislaus","Stanislaus - Calaveras","Omanuel Multiprod controls","No"
17601112,"QUCH","Canyon live oak",100,"Stanislaus","Stanislaus - Calaveras","Omanuel Multiprod controls","No"
17601112,"QUKE","Black oak",241,"Stanislaus","Stanislaus - Calaveras","Omanuel Multiprod controls","No"
17601132,"QUCH","Canyon live oak",642,"Stanislaus","Stanislaus - Calaveras","Omanuel Multiprod controls","No"
17601132,"QUKE","Black oak",20,"Stanislaus","Stanislaus - Calaveras","Omanuel Multiprod controls","No"
17601142,"QUCH","Canyon live oak",1403,"Stanislaus","Stanislaus - Calaveras","Omanuel Multiprod controls","No"
17601142,"QUKE","Black oak",20,"Stanislaus","Stanislaus - Calaveras","Omanuel Multiprod controls","No"
17606082,"ABCO","White fir",20,"Stanislaus","Stanislaus - Calaveras","Omanuel Multiprod controls","No"
17606082,"CADE","Incense cedar",3068,"Stanislaus","Stanislaus - Calaveras","Omanuel Multiprod controls","No"
17606082,"QUCH","Canyon live oak",140,"Stanislaus","Stanislaus - Calaveras","Omanuel Multiprod controls","No"
17606082,"QUKE","Black oak",60,"Stanislaus","Stanislaus - Calaveras","Omanuel Multiprod controls","No"
17606102,"ABCO","White fir",40,"Stanislaus","Stanislaus - Calaveras","Omanuel Multiprod controls","No"
17606102,"CADE","Incense cedar",1223,"Stanislaus","Stanislaus - Calaveras","Omanuel Multiprod controls","No"
17606102,"PILA","Sugar pine",80,"Stanislaus","Stanislaus - Calaveras","Omanuel Multiprod controls","No"
17606102,"QUCH","Canyon live oak",40,"Stanislaus","Stanislaus - Calaveras","Omanuel Multiprod controls","No"
17606102,"QUKE","Black oak",60,"Stanislaus","Stanislaus - Calaveras","Omanuel Multiprod controls","No"
